{"file_hashes":[{"block_hashes":["cDxq5T9SGiCpsF2XFsPPlYs3EmdL6ko8sl0+7WhzgXU="],"block_size":4096,"path":"asset-manifest.json"},{"block_hashes":["OhFmEChS4jtHWiwIZXEMlUQH/Ef/IOviMidgVnyrbhw=","VQ+seBvP1ZTdZX7aNdgZT/r2uJu9vkrhhlbnb8Bu7Nk="],"block_size":4096,"path":"favicon.ico"},{"block_hashes":["DyNR7zbH/8VPc6UeDlgzihFLCiDaseyjXC0Q+MkzSnY="],"block_size":4096,"path":"index.html"},{"block_hashes":["OY64a/TFMhvUpSTErAna9YuIqV4cj3JyX3U1JFP4Cs4=","YexqSuk4fijKp9MjElcMQzESI5W4J3GWhDjSFp8N/jE="],"block_size":4096,"path":"precache-manifest.b9cbc51fd1a9d1a2d13ad491beab8551.js"},{"block_hashes":["kNJLw79pisHhc3OVAimMzKcq3x9WT6sF9IS4xI0crdI="],"block_size":4096,"path":"robots.txt"},{"block_hashes":["PKzULfGpRBx0uTZtLQM29vtfEwxLjVs5nhpD6lJk16Y="],"block_size":4096,"path":"service-worker.js"},{"block_hashes":["+7qVefKdAQQfy7RkvMucyvAPfwjyv+idx85gMephCV0=","oKlL/XZ6nNiLQfoVR+TTI443r1eQWbOO1fFEndrKGec=","Di8vKTDpn0rVllBzuwxaZF2Q4HH6PS0vHECkqK50vrs=","xowsMpYUTE1j/ZIFBSpT8rxIPlxZWCDow9ywH52ULkQ=","0X2SAHsAoY6S+vvjMlRApVAMbVU8UiO8m6u1o5J3mwc=","PF+NBErkMN0CeG5anMltdFVYHcHTbMTwakJZKFXluqQ=","Wza1zfc+VyRbNvKK8fAPNxQDWULa0miInKk+CfFe93w=","Dl7vbr33b9nc0ft5SlvXWz81j6jUa8vjBC7e+4k3sX0=","QwiKyVlcGwpteV7/ij+Ve8evJV2VOACccoXqK4F8ReU=","0oz64+bA3vPlmuh7qFcJBYW9PfhWhsM54YmTyW3tiw4=","0Demw+PreGPvJzTpWg/c52EPvWwKZieYJrgeQjvisuI=","J2NatQT3BLb++YZRB8ZDliJseFSRQQ0KdipHr7mtmUU=","Dcj2/FGvoYOv+tuD6XZteqg5aXkHdOjNsbbfpQF1Mr4="],"block_size":4096,"path":"static/css/main.4541a196.chunk.css"},{"block_hashes":["YI+RdLnfHTknOrKd23O2v8XGaejZoeuH9S2i6pJZbhc=","b/qYAwKTpbNu6RYnGT1XltVjUG1nUqDC+sAPPrBviec=","EG397hRjzXfFepIcpF9WdfPGXafePqkYEbPZlH7EII0=","cNNnTJsA7De2bL6hETjTczg8R7uvMFQBkpQTGXlMddo=","Jngcp2vxwqSq4/RaXT3IbSDAT+SjkEyso4aGSOdk9Yc=","keNWb5EoH0rjQ73lyCJQwes8NDwmjPbrQnQFVqasT5s=","gwcPKT2PguBt88yOKuSTpAlvAcD4/FqmrLZn8h3iB0w=","dNKAOp21DFjPTQO2KmxjxHocxb5/9zIneqvyWxM5y/Y=","INd1QNfBVs8HHbkBoBUChejrSvgPernBnnGXHw2YhTA=","96J8DBJZ7xsIuAegOVgMoBhadwqM4Slswu5B40Rwc4Y=","EWjvpzwWwdbkJSm7lQ/58daqSTuK5cq8tH2IhU83qdk=","wQ2FWaFb/deaQTNVlxLfnGMOJgtC0uxHBod9+KSu678=","k6El57O5USlB4eQcZsG26iOpWvA1ajIMFFSZNqXn/Hg=","i939cIPLvl0It6mL6HMtpH2YVynbcDfZFdTuXKUC8pM=","q0exGNM7aiWvoBBPIBCg1s2nbYyOspUndABLqOyPtME=","8LiHzEWo4Oiyu5sAEQewTAS7MXoDqEOCPJHcCbNeoOA=","VmQy0hiCztdwQMeg7lyZFIJQzpL1iB3gW7FMWcDFyU0=","c0PSKAUG5QBtzOXcjmy6+5PHUO7U0tguTNimjQeMGB8=","p1aoC8Ou0LKxCIEYb/Di63KAnj6z7Xq7d7T4JOwuq08=","Z0Yp+YVCg0aB2VCFia00XKNiDiHvOPHvNEnmQsj8+cs=","GzLpF4am5l3qdur66I2yxkzlCo26cuFvRyfob4zVd/Q=","EYmxWxG0LBVVuNOEjIr+2tfwehdg+LYUooeslGyEeZ4=","SokCoZSbIHF+bytTPLM0ub9I/BuswGM657awYvzRd94=","M4yjPxTgtv6AJSgSyxp/t8tjx8VX/wD0iSMsDTj7iyo=","6HvQEvbsCj1ARGvg2dagGIeS6X7d9CXlfzcOUbO+KSE=","5S4zX11vUNza0IFQc6Yxv2gFBBS+mQq+ahEetg2J0fY=","DUjwmeHEbJ7Cur1m0YPpz/l/5nUOFRC85Gzb/hoU5Ww=","TvbHJ2Sids9iLzzAAfNKve4DzYkOZsaUFNRDJUCtXug=","tVl9XEFjVdMp4N/J15DfbCNBIITXiJULwwFDgCKu7xc=","VaEw1/GeqamfswrE5yvWrBoczHANC2Zav6DZm4/ez1I=","5jozYLrHoNRmcbkfiIhg0Tvo0qTXK5o0RLI95TaApVU=","c2E7mTfVTmzxSpO4n8hnaSt/Gw86FUOgoAUrG6KNM4Q=","/NtNfi8ZYa/y788OKiiPqhrRchTbuQMR8Dt51sJmi/U="],"block_size":4096,"path":"static/css/main.4541a196.chunk.css.map"},{"block_hashes":["pgHu/N6fzfAkMl6NcZi4MXdXLrFwZGESjTJb/auGsoQ=","tdp0Dg3BS/59aQQqrxocqbqAF8qPQTZcQZWnsCNcxLI=","ZDyTats6ST4t5eWZuV+ohB5SWL5+GWkeQvgdH5YBhlI=","zNdpmBhI3ntBM4VQ1Tsd5Xx1rbrYJVzsrb4bIrsYw1A=","XyM709is0d4tT06FsdH+m4c3jQ6U2PIJDcudIX0HtXM=","bN/lqWEoKt1BvrvyBMD9KGIF8qCgbRxz/d/XweNYxIE=","8UHp802EtXhvnGGdYbV3X1o5Nr5h4ojAHoQ18pDDi84=","YbijdL6s9Dxok+e5Qxll8zy/ToEOrvYQPR8jo5LBLbY=","ojnNpfLTGXWXRmczBPlBUKS3zVHmkLL35PUZ3ivD+pY=","25GL9myDVX4k73FPsWj1XMIlg4V+H6iV4HvyGLc1DV8=","kJ1GtLtpVC8tQrC2HZbmiyQXnVDQRcggTZoaxsl6W24=","8unpEReP/abgFcqFkjyBUZ6Mz13qWESDrikQBh4ecf8=","cXoP2eG0PtYXuIoFXspo9psSZIggZxeRgZ05qxzNPng=","/lKSW4B7SUv4VZnh954lttlfZ10XDkLseevHygoTnpI=","ilXR5oX5fngXGAKSE8vlhKW/AhNxNiTsln7cikwcO+M=","vlAVFBz49fWikcxSJ0AhVQ+CKR+Av0AjvFetP50dYr0=","erDqfECC92kmmrxDCfSMskA8mSTDvtNi6ut/cajbNLk=","SjeVjEll1YLMrmV8MadTgfFlGxViNmswB80Rzad+RzU=","hElEHJNM/9THHdLgpE/OBxcs2lBnZGXrAmj3eyvp1+s=","BQfHMEVvGxPz3zKb7COXIClp+Elg8FjHnEosoFKRFZc=","5ac7G9iWYGK1n7tW/pX5JMMczg6ZZYCNIjVUpIaJH3M=","YTNyeuG5TnKvcJhRI5S8d0x9nFti7tcEVuO8GSHDTv4=","CZLRCqL22y4VDCmdwQVQ9J+aHhBPNhKWRmOemuhI53E=","ia+6DuDOumhkKmg43/J8kPBGg5yeGoF0m4ivJ21dRBI=","4zO9Y058fa0NnWFiOpx9IMl/3YEAQ6/Woin908O+/XE=","nEkBxHxnoTS2DD/1ubg/H+/EGxCC18gdPQuMHVcN+5k=","FfZ8CCj7rehrXGp/sEgOy3bhUD1Op+P2Gs0tDcDfy80=","vOl7N1qu4v3bpFOaxRD/MgfbDU4g5AaWEp/LA/AltZg=","3CPJFfz/7qaMKsUXBOn92mKe/5e4D3RnaUVaZyjddjM=","C31ebC+ANq4StTB9CRnC6UsEz7dVLjffi+TcoFRAtNs=","T10ZmCxoRb5DPELz29OkGBU54QCwjd7w8Ars/w5Tt5s=","pUrzl22nIF/z8gmyPA4maccAzKMLqZa8S0YI09sp9l4=","zWjfWre6UNj9ecHE7tMc9Da2apGfUzEJTNTPRcQ7YNs=","vZyeZtDitV7RA/FIYga01iJKOvv42hp+hUsHmheog90=","Xjo9uL0EMP+HGLr57bofm5if6sF7AkVdXrJQu5JIxJg=","IMowhajioYVCv6vFQ67oJhYE1DZKheW1QniyMYjiNX4=","9dTLL3VkKIKNaiwkAiBwo/ZIVtQ20B+GW3M31CDvS/c=","ZlsA8lAbzrewaBwLPElcfEXVbFhLvg1aagQpKu2nbXw=","Wu840BR3bSlUaMOObyLwVDqXEmKlSvounXX5c3T2gv4=","0HN3IkCB3TlHW8mbhgZhT/U8/MHkoGQPT54U38lj4Ps=","HCWhDxzUx37sQfFkwb6LSWJmjjnjrVUhp+AWwsQmh+Y=","YJkD7f2xNU50+5Nj+W65uRNIUDFcXlUJehLaMQ8J5WQ=","bv9RFodnyoqPD7H6+5HKLv9gO49YV6htKx9ljhLDkxQ=","i30W2rViv6CK4zgFVEseRs62L3++FYcUYbIFceGPDz0=","vQxd3fUzkpwU7zEMoQfk49W+91KJu/rnX8ybZRmyap0=","5wBcONWXyT1k36mwfSMeSnCP8tLGxcKQSQcT7xudrwI=","V6hqubfNl/dgzbJEoXDRhXxxs3zvkHX3I1qcq2X0J40=","mTJq7irFRQzlK5uyncvw/osUYzyG6mUTbWcQCNG4h5M=","CsR8/8gVKRSukrrmzbmCkLQCuu2dshGnq0As1V1SKn8=","xgLlLDim+b8ABDHTWDz0sXfNX9LWZpFclLT6J+vvH2Q=","iwzKB4TMD4FaDN7Gd4oFQqYH2eXUogKrWeyl2pG71NQ=","g5+59VPpyqCCE9WI5q/Yz57nSmReCFzLvK1+EKtYd7o=","b/ylfu0NIEEMyELlBtApMl37RL8jJ7L2s/5FR2X6ZJc=","UO01dRJhDAPfD+pz8L7ai9QS6kEKWllAW5rXMXVhFWA=","FRjzEf3A8ReTwxO6ApAkc8xMHOqvpEiFulfdNq8G6bc=","bmdMadjkwoza492gz6JpLv9r+y8tiN4BBRg6B03qYyQ=","OPHujvre9Ey/OlUCHGhASOyiH/Aqhdkh7J83iH3+bS8=","+jPgRdm7sTdqa+3AghEgWMDwuZ6dlJK1Fcir+FpQTzQ=","DjLKdCGRbE7Ky2lzfhglBCgno7N9jm/nt57rhYshVjQ=","Ag9Eh8eix9mfyDIzwkyWbDYecRgOiwV2Ql4yABuS5+k=","hm5sfI6MLq/DjxzSAHcPprmy37KPrM7pnTmw0P29ayw=","BSD+QCcFtMGpEjHjxFBL+0wYc+dez2j7IjsSc6Wkg+s=","mmdhOsxg5JhpFPwC2EMJbVElVuwc2hHh6bUeRxvAuDc=","hgsCzRdPSxcRviiLZuRAKQpBp26O+ttrmT0ASWdQVfY=","GFepr7MCk/eU4Bi3GCRCXF1l4TKNTw2K79sNrGLCKKI=","Ed0TKmX0eFci0cxAmvwMkvfzXeDOi/1DeNnIur0F0bQ=","quQUqqc9dd0/gbsz7eOpotuEoJQWTer9AM72pN0QwyA=","D4qmba1yVR9pzUa0J+G6YugJ8IDVBDsaG1LtphdFKoM=","Ixu+cI6LJ8giTbk2hfGV/edx+a7BrD7mQmHAsqLXA7I=","ZdirI+Oeci63fFz2M3X7mFoTufiJJFHi4kJKmhY9+vM=","xkoPZ1t0Gqk4Wwv7e/m4OgXxg6ijRFUhu2i4PSxxo3E=","6ZsZGw0BgaQTkorRYwd3SagYOtsg32Q1UHWOi/73Sys=","cpU/G/aViqUFE1US80UUZBVzZVjKwZEwVRnZWRYjls4=","fLyOhTOaMjCYmS8kUdj3xwSUR/nkZTb4/T2wfs0LE1I=","AF16CvjoQpOLS8hnp50dKaXBtKfq+1RBX/W2ibygk7Y=","XmcBrB9zuS+f3pKfSlqoOaUEdpna2VIUQ1EwkDv5ZEw=","VGnW/UTVl6YeV/7HkqvfIPQFXuBUlkoS+QjeswYT7x0=","xOFtaVibJtNwh8Go61Sl66D9E9FsYKGBsGqUWoheffY=","2Pmy1Oa9DKY5ZYM3FOihMz6Rq7V9ZNRaPQvMfleuzcM=","598n5tRoqXaLuq36krxmoV1CzR9DaNJoIa1ZTIsjALI=","24lDwnly6rJj0B+AHi2utZIRNty0uhG1bYikHdbb//g=","oZfeHzsntOHPtBZ1h3BKhpNnNbXRmoutPU4k2z9SRoA=","k0nLnJpm25b8Z9xIGYwoa7pE/V+jdphP4oKV6Lyt0Qg=","trq9Iw7lfxLp97Ajv2AW/k3St7HWxLMxQ5+76mfYDSU=","hDEkaVKG64lHMNSorqRu+/P6KaurnTYjVQsp5C+vzlQ=","T+aE+dTvtuwM4ohoH/l0baDfuntxwck6Z6U3fLsEdUU=","BJhYYhGkt66otccZzHCHoOTCZNRGPCcMd76VBanbfq4=","FwLgbkyaA9qjtQb/a3iYW3FA/DOOmOwAZFcvGh2DbQM=","+U+95K11RTopTWJ2o2hbBwVm25MvbVZxEwQBnKy3it4=","yvZm2JjvcvYRCNmIjnTNHM6Uz9WoT3M/9zum5izZth8=","+R3uXglUJ5G8j612FUJ43VWdvjvHD+TG6x8mTVsVTRU=","73SyRFKN72qdpS2VVfwoBPwLUEe5p+xm6Htnw8DB3B8=","GYtlT4XW3x6HNtH8NhTlZ6HuJ9SsfKkpm8MsPikJcO8=","cJPSaKKmeeCJs4lNYejPfbCGE4lQFXST0cX0f9vp0jA=","oSp+n02vDieDUY04KNlxPsC7W5ddSBtVP0vLRBN+nN0=","sj8KL0dF+4YmhKfY9CN6yCBO5K9xtW+je6MACM9T4rY=","PoLCM6I6ZFaAZm7vhVqAxGWamOHYna3ze9Pg8acR4Hs=","KtpeJNmGtI57BHhJlVK3w0U5ihYQlAtX2HY5e+eTYKE=","aQLja139P47Wwr4dNMiLUhZV3KghJ7+i/KVGs2L3Rys=","dKbjA1rVJaYl5gVb+irMQfNWWBZU/1pLjdTPWw3K1Ng=","5qrPewN55srQ5tL7QUhjp93nOwOetXwPZbhxXqlMpGo=","lo6ZOaM2FVSKXphlmcnGzxoqhTDxuVOZ0Pbhdwb6ZdA=","75MsvKyzZZPLvEJkpy4ISqGpu3vwm2E10MD8VzkBXGg=","wYGJlRzUVY1+1mh4Z+I/g+ytOpCu7LD23yiF63qGu6I=","13AEvxl5cVjgXAYeX7sKig8E1pM4o3kT8GXHX0zQja8=","H7ofDkzDk5cFpogTLfwiHD0JGfM3K7gcPt/hfMFReiA=","Hl2baA88deieEjjbkpZ4txdsAJCjQgEVXSh/7OPygRs=","mrFMVCImx1EX9OYewiaWGFR807HbleZJziSta/qoGco=","UT3VM/ccvgFviilqsfPw8rTfoPAoUKWSxLhqASVGyZk=","HZ7xLwP3VnjJb+NTY3BPlrh/jUEXXTnrafWp1rBygkg=","oQTOc1W9WW6i5oUoVTgIuf6on0mKDPHE3DTjTrpacuQ=","ddBG56Z8bDic9mG/SidZ9vLxcOf3MM1XZJFnTziKbX0=","uEHsagm4BxtBiZa7JHaXK986Nr7X8nTDdWqqWQ0AqbQ=","xpRh8MK1t5F1OmvVXjCsdv/JP6I1NPhA3NShCnOz91E=","lTGjivqUp3bq7Y9ARlJ08rr8kF9ysB5AEBFfXqpxu40=","mrckfAOrF7jrbHfpTqskh2Asf4edoNShZBSyqfXVOxQ=","I0RLftpWuCWGiIP8gUJeJ8BpYciFHUUA0XxydEeio8w=","OKa5eDOHfU6nSRfSEy3tMRtrE27Pbb2sKgjPEEr1cY0=","U/FVJs9PnYUFMjcrmiyAsKHSkMtqVWQvNsWMeW4R8J8=","nFMPX4196sqVngNieObg+7sj6V29JM0cusHXV3T7G3U=","hmUI7bIIXCgNVgIMOsv9lXAVbRZqIqz0WL6GgZJJ3qQ=","LhKxOd1QfTfhoAHfYuo4YrfLq+cVcm/Y83Qb6/A4qzA=","hG/4GAJ99HteRJfWgoKu2rddMg/q2bhzYeSlXbBrzWc=","6od5yXIdcBK36oNUS+YxDkeCpxbkKmRxdltW3f5ybZA=","n1FY/Ehc/MO/iDd6Nm+w/yUX3GlWXOtrq1xtX/oDoE8=","J+r3MBf4O1T4u1S5MJYdZWFhfT163V1+ERcd8AAZK4c=","z4wJjR11Rdsm0SdLkrDNUsVcdEjQAayz68EFUl8onv0=","UuORUs5oQE6DMkcMQC5F50OOWoy+st8RpxU+V5jh4tc=","TcYXUpvJV3o914MFzWWlEKDoVr1VWYYjJL3FLeOtiLs=","yEKQJ+3rhOELGejh9wAOTYzbM8tA7Jog/HPVjblqA8g=","sxG9zlnJp/5bykD9LpPAnhGweXkKUel/eF21yQFDQNI=","HF3XX/TDYe6p2QfazS18ZKKa8/14JFHaWAfb9kPFu3g=","ZndCdZXQh3GVVEKbul0Ejsyayu5bqu2JMUNgPDjby1Y=","xBaI3M+zeuMpg5JAOWTzX+0lVj1i39PYC67sueRFsdc=","NoRYwU78PhMqj3ouyhRsRN1jNQyDsBkDKCqvtNlV0/s=","KJIXbzb2kJ5szfVJLffmju/NuTpgsYKeJR5gttgRpAE=","op/up0XSPL3Fd9ZNSKY9WBIEvAhKz6X0sOOQLzkheyw=","WXYbyqRW5zIqfY1JuJ0gJNwAB3KfmirjyBFvRzYiu3g=","v1GlAjqb0BtdLSKLh+WU0qzJfHSxuaNEcAgZYt3inMY=","nKq48LmPtHTZnOezLk/zD2QX2mdBwVPMVWmxm2pchBs=","eLldlRwAUQsaRmfUpz0nP7kLgKmn8/Zn0ogb7gBmSNg=","gXX1jFzvkYpMOogqssHyO2d7/q3Mudk4E+Wo7SUQ53c=","QXWnEcOKumTfUDlydRcfW2Zu1mzdlpHZDtcQ6bu5JeI=","bYabz1eyqlNSA+C6WO7srkHkKgl6qZFXSmL7P0mCGX4=","5RDhbBS0LruNrcXypA2dotaucnoBac9iGNkmWMuUJ2I=","7Clia74NXk3vGk2LgMjuW13d0YMHf7VaywcfVtNIAaA=","9iMNYFLjRt540Ko1Uotne5/ZfgPOpOCZPr16RSjO/5c=","e9PbYi1GX/rECyHdl4Xz8Anz+YeZZRkS4x1nXmMCYyI=","mFs8LMQaCBBUi+FwHlP/IOZZ6fI+wtaqs0GGzmY/gtk=","Dj1LwCTr1n2XWkveBUIBVCVKWCTObCdStGiOX9EIBsQ=","Jter7gc0e/xQJ8RnCmnLYkmvbtkqIXbJV90CpEGuG44=","geVbFMaQ1wFTdbn/c4EB4CFxFagw1lQQGfUMAoZXfs0=","NZb5Mj9LQJM1kvOXrQMYuooyvzUfRJYe4Lrjd3BxECk=","D6RAd9UwZI+WuFRTD/I2e8P1rLB0m45DdTGbtGD0y0A=","JLU682+ovnnSM1eJCSWPhqGd6QSK6lX5jsXKpKI75QQ=","0xC2flbGpijmUvefgzI5zCiRyAIW3vDpo9WBud07KSs=","oJ6GELpYUgyYMHnSexLyEMIqI4sPCPN9SvJ51DjcVow=","a5qDGmG6AkqzmVugn59G3q2K3+FUFs0pf2UMwB9EZLY=","LRv6S9rP8o45c/jpbabodlF+YjgsxyoElaj2NyLZQu0=","ckfUwBfCpG6XsXL4yyG9Mry93Lxs84l9q9WipzuT/Mg=","/pNzDowk6h1T79gm0L55Uy/vDtplOruk38iBFUHBo7o=","YtlE09g/m4oBwBrDjduWEXtQqy2gx/KX5qxX8Z5D7iE=","8AZoT6Xgh7kQOMut9fJ/Jbz/I+xZmbiNuNewpieE5aM=","4au2ucbCPk/DzP8pQMQFppEjVtBH8WlEcDs1czN8AoQ=","+CZDHjWjfjpN20lZnpRBa4e4ZgJBjCUc/Jbqd2Kq3CE=","yV4LJI/tKS67/8dsbscoE70O7mlNGLpPH4JnyElDFio=","Uf+U7fNe8bSBPGN2Ve7MKz9awJodgq9wvO9YMla+CgE=","0Y9p/R5q1u/ILjckx4ekCMMvoqhzhCwgXdLQ9zi46/c=","RlKdGmM8vOoleyEhatQWciK8T/exrl3ob/J7XHFa+qw=","5m0ssoWuuJ10m3wwnACpxBDwY6vCC9mBWgGaXeQaQoI=","y2K2M+vQKuWKioEl6xFax2CwOWCcGK4GeAQDkx7hNcM=","AnPeoCYJxgMpN7eT++aL+2EhPLiYeesSCXIcfPT7Bwc=","z/ez3j2dO2+wyB9TMOZE9l30aG2ijk2JveBYyUmNPGY=","eCAtzbsd2Oqs2iUVEHWDYqLT4hat+UfoS3/YAM/hyAs=","grK8hcM5LqkI9B/N9tGMmY5Z4HUSJaMufcK/+mPnBBQ=","MBBuJ26Um9qNgV/89rj4f5XSsVzczHS2oh03oVZCsjE=","/PcM0uiKhRGxniOxBxhPJUWqM8Bpt4GkKsJg7IwkYeI=","IiJpN33kxSLbNLkKDIHp4Sm90h9gDViqnWMrkd/FbYo=","aTzHYFB3oZfB4yE6GpXIC+8M+qfZlPerZP6QjaZi5YU=","xPYKPQA2po24QW2C8SLQvaYTRlvGNuzcd517+36/WN0=","FDZFSunHf5c/ojWpL1AScNqD7TGBAsBDIJhl5mNPdWw=","BixdbrM0hPVJRvz91W/qMFdPc6+0aTTiUdvZeanrLAc=","wKZOfH6VKcLeW4nqh/GJnTsyNjWH2rrsF/r7nywOA6o=","NldSFht0SHHtngrJ0Z1mXbrTgpKbFVwZs3eCDEMnvdY=","ccUQ/0cbRF/J+db8nFFBSmGPSVsrHT61bvRPWVCspjs=","14kd4zQXb1z/tpTyQIJsxsXRvVbgP4yzW3vFW8khkBA=","kmqZGdGlG6b7GFiqSZtjIeSri36CNQwTyp7Bz88gI0E=","OZSTENfPB23K1r+Abi9Ucj5+JMKN0uQN1P2I9fty42Q=","HwzYZzRVTIv6llrKsK2s1DWKyGtgW/ni3nfxAzFZ0O4=","4Oamge6S/AyPEY6x/FqnxWo1TISgMUBFSBTiOAZLdtc=","ZIdGlxcxkc0NArSp2FO83CviJAKe/csD0QNzO08J714=","DUsDBowTHr8zMZXUHrCFBE977CtjLnqpsxu8Lo7K2m8=","AwOdE5vtsga4PMiXEob1iop9G/d8qRgUPYuPCgGORU4=","bmc8BvrYTwj1BNjvVM3Bp47H0h2VLIScgS9dXjxL+fo=","DSgJ1scjpbkDuGJby0iaz+EudN+wssqtD0wnUi0ziO0=","OuykJi4f/0n66grJzHbiLYCViFaKGO0HJPVk67gScn0=","2XFDvqDBDppnfiz2BPvBPkRVmpV/hofvsPQ+Gw45+Z4="],"block_size":4096,"path":"static/js/2.f0de4ccc.chunk.js"},{"block_hashes":["SAvdxMvmd83kFxdgIkgnuqQk9c+K04UBlaMI5aijKGs=","B9qVOhqOu5LGcjkyPvqvKZf79rr5PDJexyansVcd2Q4="],"block_size":4096,"path":"static/js/2.f0de4ccc.chunk.js.LICENSE.txt"},{"block_hashes":["dZyM5ZH6JsaFiXvoxK6mHPhJKL7bYlKhm8s1RtTrylk=","TavjsJ8WFZFlLJ58AfgnvEIQGHzsRUyAFXwvHleDah8=","Q+y0F+lSYE6qAOCqqmDYwet5wkk2/K9ycIn6FEcld4E=","9y/TqzFvSK7qWY5jSlQ5XQblSfEwYL5+DLczn9J86Ko=","wxAbYQRKN4BypZPEvyAOyNvf+DASm0gml/tAp8uZ23w=","UC2Eby3cf20rSj4A8/3gvzlPKaWUwzhGujTfCidw/EY=","52QWUNHLjISHXCAdpdRW4zkpQYa2wMTkJVAFxfy+oUY=","+yh173avYPdxqZbBrkiasBSe63CI56ZeynGksIpdBQU=","uUmoNhIengTpNU4R7mpdCTu1XRgUDk1KuT/QrBR12L0=","7JTfIvXBhqeQ/EGtGmK9SqQpMHfcFDxIlBJINrg0aSw=","05J+tcpgQ9wllOTlOugaD87MQEoeUeNv8+TbUH2gE58=","YHvNo884/T2umFYjW1NpmfLBpN4EJ78DNDA1XmuNh7s=","+H605ze4pHS8IEXguEm4vct8xCeLoIgkxyDG/0KS1N8=","/AnClhrW//FowqHJAlaCyBETGVJRLxCWIEkR7PbqVNc=","d/H7yIZ0tEd3eY9Fn4K+u/k0GoBzVsRCLBeOG4Py2vY=","or2F+X1MWNeyyW27IS6iV2BcN/tlLyXEZjfMyTLqwek=","svQ/liSz0nSO9P070TB9iiM7a4WHh+5zhpuydpMMaZg=","/Nn+1Uf6IjLGsh6edNKYRgw7zm1BoYFBk48yhI32n+I=","BbzEEHJj+9n+pVPsm7H2JtR2NKFTJgm3hmRS4O7X7Tg=","eJXna/EQCBHQEeo8Ryv4JQ20T3NpbNMr5QMZ5+3lESs=","YP7Qet2doR6TIsZR0y0Q/8+QN/SFndwKG8NcnLV8Xsc=","UOfBbETmlsLuobrlLGpXYcZEeet8wWJkNEeVaZFSQeI=","oDJhx4FeKy/+/vJT1TUwuQWKKA6rQ9mJFPeeua31i8U=","4XJZcIITt/VrM98v7ev7XZWF3eRIql7mqoW9zE+YlJ4=","Hpjoyl/ck3pFo1J2cMdb9iW/edmSF9P99zpfav/eb7E=","cKivI47gXSptxDjbdWw7mg5d/OSN+P4uCLoVFUbYVj0=","haEG6O2qKndoaK9I86ljVpCSqBx4WqiS0xPLC+eBJiU=","8Ro9FPRCOeevrJ/74JIzhCruLpDOywWPRIimQ45sKoM=","skpjPWZVfWFp2p8opHeKtY21NGvfCzGhP3HMBwX0X/s=","GwIznLgKy4RnKy3WbnGKhxpdVpcjk+DuHo+obQGy4V0=","SwHael3bpAIAH5v688cg8s+qpvqLuTmVIk1XdJbgjBA=","tZOfWKB7dGESa8LPeo5I1ZdwcU5aHxEfOYqclZsFHco=","r6n2ne/jZ258p5IOdrWAzkOpUdkU6M4h/SpFD5vHHis=","dv5MknxxFryOTRm6LHTXaBLbiSf3cTO7lK/AyKdLEhs=","LLwSti3ixzOCtLjxbfHwH2hhgURobHDah502lMej6X0=","e04+EviAdzYNxutp7u5fmVjiW2++Zqpi4xJWgAJpqRE=","9+9eo4WsAyLUIFhZFr4wg7qimcIlPXdyc7vJXVEwrDQ=","ub03twgFWT0v1HAs7sv0NC0yP3DkSxS9FGdJO1+7Rsk=","lC1FhA07HSEIiyb5HtMyv8/ohWQ76Un2yZvGRmt4u1o=","dFzYV4Ay1mbLTTXCrOS/W+nZ5azMl820YVLIJz67+Ps=","MInkyaCHd8iQoV2CMGr//UKiiBhGCTqyczONgLoxqSU=","zhZ7iI4EyEAbTFnczWiIA98oo1ZE5lcZ8Gx0PEUh3us=","ElZkiZ3pUsZCdt1XYTUvP31AfhCikn7zQ/kNeeWNq9E=","OMTxMGtGZf/JuUBN/mHUDXNByKy4vYDLDP0XAVq4IFQ=","R/YKiP6w+00xlnNKER7QJDRUW39EXVDdOQIbFj5Ss1U=","fnfieBAt0Uk/C6sqVyF3YFZejhcmuFsZbSMG8z0xzDA=","KQZFCiFHStkujwp/TOyJK5DFJbBARSvKcAx/ERzSv+M=","ALJ+kbjcZRDftzeD4iD5OEAFLRz0qQD3Dcz7of+fmZU=","DoSilMKoj1qTTDlbDjGqW7gV2JebL9G486pgNVXznsA=","fSrP/0zTS+cVQN3jq1/uGwbY+uAGljrm9xGTcEsI7r4=","hyAMNrhuPOOGUEUAZ+RZXZKZZyy7nwO5qwVQfQX8YPM=","/WGK3A0/ptKZfjQxL2uAk+F1KCYfB90IpGklXvV/Mw8=","HUZVniki0F5KCNCgkJxdULGNLbzYpeyiYqiIxsg2o7o=","gVMMLgGXuzyE66jNFZ7mvpzkxTXjjHv9HASmZDDATzg=","yFk1bGhk8nyM8seZxG111+HRCeept0thFXCqLo+RVhg=","tdv9Xmv05KzoHpimZdJjs/vS3Oyxi1ojKo7PTobZn48=","flLRQgyLhNEDj8dngSO8qvnq+drv/KA92vWmjWi6x9o=","ADkjFoN2ywnCK5f+ZFjlE13zEEl9cOlJUzMKLroa4u4=","JfShTdLJuW7mxY8bzeh6Aai7YiJtBY/AnNX8Rk/ICcY=","eQX/9+QZQ1Bl87N2ovquaiKouE3LmQq3tzsXhtTn72o=","KGZx5ZsZRKM8I49P/lG+tAi3g9/beV6KL6L8kbcrqNA=","MHOVfyRYI31fdfxKUS2eKzThPQZkgzblK/eZvA8qZQs=","PTzHXxjrf4L7PbuDdQl62AUmzgRLJKISaEohosfw500=","jjddfwTdcpaFYDlTDAEtiwbYSCz1Y7BkF4yQvUGCQEo=","qdLNThiKMVs18ch+oPY1XFv/ERJ9ssnm8V7x5k6fdao=","9AyRwIqSUfK3XYpzUB0pDDfj5LhvIV3XUmEko/w5XNo=","Yx+ncExdI8PbNp74D+nzX2Ifh/0Vrg3q+1ACk9LUpqY=","osXAfNTTpHC+IxhKk32nz3iUKt75wxOSXOpwtvitW6c=","U19e44VbIM6tP3z6PuThFttO4nN26qFo08AgHYv7tWY=","2bjZ8MhFsRcW8d0Y4q0yEF9DuxB3pZNcoCtUsc3u0Nc=","rv3r9BPP00ruZUmmBPrAep64BrEfQufdSZWPzbpjU7k=","4FtP1WaJbBfT67CgJrr8Lo4+MD6HZ5Nu0WtHU7/rAPI=","FIv15LmeenTEaPtU7LO3TbkjSW05p5uoYv9iMYDJ+uo=","BUwyf/CVBbOX4/ctok0CCBq6cePlRUwgaxVZi8kcV80=","+Rqy7HQXa7nGaTTVhkhrnQc4CGVH3XbummqUMkz+BAY=","9bVSgLm88aEDYuujYwTTsRRRquKXWDxZ7yRpNPbUFGA=","/akc/a+ClSjzWXjvdOOrBk82UkOeTVS0daLV4Fl+X5M=","oYsV8DTOIYMIzLynPmn13S5cshy/cdD/OEqNhcZc5RM=","uNOZaY5aSzJF7S9wqBPeYkNSKtXFUDueS4c3Up32QlM=","X8AaPq4ZyYOlONFRkZO/m35Spf/UUHExXMYWvcPtkQg=","qJeRHdMyk/B0asGYePviKME7MDNhbc/y+TQ3sOSmn6Q=","MVd+3pFrApCJRAQ4UIy+Z5kk7td6ULM5de3E+3yAMZc=","Sr1+RKC8jxICiJYQfkX9PF3QCwsWSR65kgoCElHxWrA=","Er6v3ijPgo4vJTy54LMH4wCcn13/QplHLhsPc6JlJiI=","3q2HOGE7JeuzEFlkI68TblEQJKId73p4vPrmcmzPbhM=","fPGk6NgcIXwlhMtnM8KOqvuOHt/m937MtMRD276MIiQ=","oULpiL74088EUrT6hyf8Mtl2Bx9keXX+Ekcre/3WVoQ=","u/lvaMYvz684J0LoZ1xPv0ybIMxKq3mJSjLJW3EZsjs=","PklQUyDokUERHe9aAaMJDaJjZ8+MQlD+8RKaI3MCg74=","Scg9Ba1w0kUe4/F0g+PFeCLA+7h/4jubuPHUCFxHgEs=","Z081hSwzJhgRs9PCkcrMDDgzZlRdHOF79jRNOlP1Ub0=","tzDdLl3k+4jtNclr6KVvf7RhQu/N3JF4dQpFMjKiX5Y=","N4AkAq9wbtCzZ7r4M+7cqjDBmKacOy/FtBnK+yEF0u0=","JOOgfFwlNolSlRgUB0LEYSGV2kWcKcE46/AbA8YWsCs=","mSpZdQDW7DjU3kLuSkwmQjLOf+/k1aD7K5XHuOjUhhU=","P2ya83WIqmXowZnzhXyn2RMu6vMBnb9kyGGP0ov+geM=","JPdMxpz+svyJ+2UVqGPh2qFXEhe+w0IMugmqa8E1g/0=","mcq/MZq8M7+FIyyJDl+LOU4EW4SGJKSJFokQk9fjHGc=","lf3JEZBZRO/k26tOQNgqqKNVrOtcwh3qR6uvwxxNi60=","GeE9IT5HXfMEZdEmyyZkejGxvuIKAkkMJ+Ug9g0vBI0=","KgZof4J82BWSn5R4t+D7nMQ2vRIIBlbpG+U3zIrLR7E=","LJXJsAdouWizm52POtAWij2+6iguCeGg1+N+dR6IqFs=","IMB8pIsf+yDVk3YH7IsTCZPZS3wq9+vuKiZXUIb8RYs=","qBxExgXMNIM9BDcPCdAl9QTc/RIBD1eFuqsSrPBGpXQ=","sw/RmTL/6tjo8Mj3g7KDQ7QBpUfoP8hvJvp+9Zw5ORk=","74abafiuHHqskssfKbJzST4GKbA2ZqHNSL6GgHkpk0Q=","I6L22/hNFU3Ib9Qu/l5FcbPqzN50TbIMSroCIcuJALU=","VEIJ1WWgEMFjL1KdGnrIKTBj7d6lfSi7CbFNqEbp+gw=","TNY5Etrm/XhMmmJmDoTrFfBx1QMNDqkIpAVnmm7vTNo=","v7tGOiqR/UOYkpHGn18tXTWQZwCG5th/zIEclD2ATzE=","xjMz7gGLWCkiCp+bSBmW3U+FwUbX0eLOGYsG9wPzGJs=","fS/94Rtrium6qu1lbGo29gaMO+9WfvVj/lUZaKb1a74=","ZiwxVDa5x74xiYj1G+Udh/kEMffqUSoTT4T+jSd2sOE=","sCnpHFw2FznAa1t0/cPCnEaZ576wwKyeXULvluuubUg=","EmFk+CI27USN8ZuwfwW0Tp1yq2FYDYhpmQqoOfbNcew=","IoXIdIa/RqjDmNfThGmqq87fjMyWUCg7Z/YP9utr0Mg=","Y3NPwYjhZdrOpeKaRGAkhwfC5EMJ/1Qm5NMpYQD2UGY=","e8GID1swm7LFNaQGXsPirQAWST01H12Jm5Gm7RN9MTc=","osfjsHE1TYAMfxKy5J5h2DbZrj3ImUW73s/2uqFjqBg=","512chThak09/g1OZAeI05M09o7XfBap8p2+fDxJwFp8=","t/FROMWAu75pMCNy3+YJ5wXBu7LFf+L/e5H0BFJD7L0=","osVw6ik+utHFpyZkkpLDI0DiEYHAc3vTfKV0cKHTBtU=","j61B+YmVdiSn0M3Ova20p77RjguzOuFU6cWaDQBP73o=","2KQy0j2P3+2rNMWtVJ17Nry0iz8sfibhttm6EGK9y/o=","j3G0f4fbaM3DV9SMM/65taaSV2I7a5hnIxxVSJ4L5P8=","xJggmeinL4VZ7odQMYf6iodE1sQ1185k30wwJcQ2nPY=","POpP+GaZYfzknNew87XemVOaCjnzIeBRKAF7XrKQ0+g=","oqxNg00kb8ozsCjbI80wsu4x0dHTJUesnuO+4KltdkM=","KdyYlvPDIVGRPkSH/9hFaVQmYb0chBX16cnbhC0/Rww=","tfELKfValQXCQdPyVf1yXwynTWVIZOE+z53LwG3Efrs=","ppsL6BsZc/eB6Avmeqa0B6sATp434TEo3Gp0VYnM2Q0=","IeZqKnSQF2VaPXIN/NRs2kFsUHOFPGU6qQ/jY3LwEc8=","Tg/C+7XHewyJNtqGrGC/8QkBUstWtyQJltZAWRCkX1g=","z8feySntWsM5rfL++jAzASDl3JepkaUbiz4mdfv0Ezg=","O/umG2qL1mkxzQapm3FnaHoaDEIHek2xZfSHz+tQDpE=","ylyLqVx3c8F/F6W1iXFES4ISm6oVkRaMeRIiYP6UQ10=","Rt6QPu9fxhFfdpyAFjuI1E6uY1snia7xluwmy7XL1CE=","oUwiUgyolZWUNyT6U2OB810Nc1kA9aYAN3HLa0qc7tU=","iiCtkWuWh1Bduo1HQusIXe3TGtkiXIZtGRFnPX1kwes=","zHeum0mUnRFiGqc6FSnQhlyvmoH/KKuNiVdqdCKeOqA=","8oL3Xs0q0XrrghrHqH3dz6x4xkD+L8g/8Ycp1iEn+mQ=","VyHUgykCskLh3Ml5X5EiUE3IBaq8T2N6MrSxw6HxSgA=","wtfX3mYe741z3U9OYKUtY/X23ZRTZD4s2enU3YZfbbg=","iMaKge46vENinx9Mqae1p2dQVzAbUedn3IB5iR2nN9Q=","vg0qLSP8Sm50T24uhYFWpdbxuUZCHCojWFXBnsB9AM8=","GIYI92O2QuCfYZMuOAyFuLYA9yRdfoAafgQr1GIST64=","uMUbghU411khdXE6ntOctEP189A8X6HTgzPxdkgdYxU=","9bZNyMnVrdNqGHc8TJDVPbraUD2H6uRm70M4CeDNmVw=","5309+Tlgla7Tx3H2UE5HPB9G4P/R0kVqA+EAa7TnaMI=","vSGYJLoRAyxcsD/kAx5OWOerKE2Guhq1rioiPbzR2k8=","dpQpb7PaVqdA64+oleEbE76pYlUW6th3w4UhOvnr3FU=","eXPp1bdNdMs07nPiEEXy2W6n7hdNa+/dRXR7x/zfYt8=","013URI8UvRk68IvnH/Sk90jE4/xRSMJn4lLY3dozFfI=","UhXNwB0TKd+ZQMEz47xVIFcUVTdl6WJR0vcBL39BPC0=","/nlvTKxwkO609D3HGibanqVujlQQlLqo2onN2kTBf9o=","IcsNHroPFhxNhVfbLBN7oEm4vZu/4TJSj/l8KYS/pPQ=","rQfBHi9hK6qZFeZWzwzffc3Vmw44R/CZv5LmJBXBemQ=","YmjjAYEGUeomnzgtYKv1ooRUrPkJXhiedPDbB9E2yrI=","Q8uVO0l8FS4+FvMREaf6OHI38hnaOX8KWcwBe0ajaic=","6+fg2rFMmsNfzC+scchU9EjRLMtH3ZFXXVVo9J7mI3E=","xE6kpvcwiI8ZJKF6CfKg8RcpQvttKJb3aAqpp1fwIHE=","8FXR8OiZ7no8JnrFR0bPEDwCri7mFJJJ5jhP5uQBhsc=","stIJcswv6wBZvxHfrAqDCuYTz/OofouCwFQdBPo4MDI=","DIyweAp9Af7RkutGj2rcrizUmSpLMV9DFkTnUNWrS0A=","6wPZBzFCJeNzlA6kbir0I+oou5ltY+hqVyAuS5odcAs=","e3uw5VvJGCO64Hidh8BHdJQdFjh+4v2zwqN8crqkuCM=","QUU8K+AC+ErEefxmBTg41GMoHFIvbt/DxyVySRuxT/8=","5ueDgEpY4xQTHYng+xeDJf2pjUozIpUXOqXjTIOjlWo=","r/hlEhDe5mYgRw6av2OB5o9tVGE+ipHdwbfI4zQMX3Y=","5xPoxx+DFhKKzdxYAuHSlGHNQQfFh5+B0EFqzWqbGIU=","JA7N6rIDOsqrrtQM2T+XQFy8/A88VaDwQvdt9y4Mvv4=","449FK8DNKLcTzQhQs6FJLABO0htlkw4eselbhFuYMRY=","gO5sbM0Ja2Jyw+r1kp5/Py6ZYNagezRaUWvqccVgCkU=","k26OakHMnIbS96/3hteZOnhaqQE5P1wT/9AhzbD1H+c=","Q+uBPeUaUu4+/4mQelT/F/ymBRvqEWuwAcnp5kX24F4=","XLuYSpHdTZ/7PpfMmEvgqkT7Vckphu2A+S6z5zVDirk=","cX3EFlEwmXIjueRML3iGbwwFFXnLc+ft6AwTL2F4eDQ=","BlzatpS7WtXIwVNU+Zkm8CnI4FcQKRRoZIiQvedhkgU=","Jcg8H9bEKZpWvrFpNz4lIm8z7ugN1G4CwbuCy/BVx+I=","DRV/3dhewfLtdG+9Os8dnXon/DtZ1i6JHpYsj4zVHWM=","tEqyiE/VOKEBiDcxfN+0Gww7blq6cGeVsA6o59SjNJY=","OVb8pKrPzAEsnGrunJhHE80gq0Fw+6mroS6tK02ijIM=","VkLmz2K+ARw1eClifhesiU454ZlTGzd2YHPYmx9VJrk=","wysf2Ih5wjXhRBg7Hfb4MgMLofVF4lPPQwJUWzMemoU=","6bnc1EPL85nxAnPbPMEj4a6QNxLOrOUpmtbd7suANaA=","f6i742VmwSt+lVL/yict/wD7n5qePkoH1plHGZcoVF4=","35+F5fwNB7525wdLzRgCs+XFZ6RiKG70WV8OdT01hQE=","pe5i8T1Ryg38iP8RDO3fgRxtQybzGSluNiMro+r2QRA=","V8aEav7VCiKutU30W64V5Viwqgc35aqldMKH+ZxpzvE=","BnVhnc61kpehl5b43I0XqbzzFOISd932OmahGlnt828=","wUlnv7ks4E5ZPkNLagaY3o9FWAxOjM5rOEAADOUP5AY=","8LqAUutSR9GIJtrb/T8hrqQOu4Qgw01EFv9vrozyIrw=","/N0cI7HTyjp/3w62hD9jLBHm0lDPDenxnoTCdpwHhPk=","MAy2hZuyUszmmlKW8Pqt1Ua7sKe0+1k64KvVMXUwaaY=","gyO/zcKirycwg2emKFr4AcsKwpaHdOf06DnLRI3HqnQ=","XIOFZ4z2m0Hzd+mMvdFm7vQtLDZZ5Is19prp5vynT3g=","ZxRAnOk8phGKiVeLl9prxWPpcaNEJUaNaMnmD3bckdI=","pCdF5UY2Zcsrb2R45LQoUrSL7Y9UHj+i7awae0rnnyc=","q1+e0x4eIpjdIiLymzmcgC/yuuEWdgbV77Uc2S6DXJI=","zATaeS9tBkmwf9m2rNV4vdkg12gwnRuW1KpBQYavDz0=","SxusNor+7iTfxaCTMmJFE8dhk8D6QThXgR0kVuFeoP0=","1omeTzm2lqabdu5zr1RWO2a7tUtEcn3C54G2o7H5eGk=","0OcfxVUdu2f7ZP+SoXMQtySpj11x0JZdL0De8hTOkdI=","Dj7fAGWOU9eBkwHl14Xf/iaWl48P8HOrz2tJAjS19Rw=","jXtPmG8+7L2iKQfiVVpEnHfOOdi50/NWpjCIYsHPS0Y=","QpTSc8ucNPQb3f1z+4xdBz4L4SfJQCdr1FHSLqlqwwY=","GAQk4QRB/DAvsiuoB+CPKVOm7yZvUJm1GLfZod5zqWs=","Vf/WVt0NDsgY4weo8+8UjL7qfDwcvQr/5emxUY3ONLE=","2W0lOh/XlgftPzTV+NB6BN13yayDWs4UXRJmJN3x7eI=","PxJZPvDRCE0nqGnqXKjkP1k0dB75JJxWPmivjSYOVhc=","b9Rz2Loky3u5Xbk/fvltWkoQYf6KNisfrtTN5ZWxH5w=","odl6GFp4agfeNKWqf/enRnZXPSWgWLMBKKF4SERWQTc=","tNujGYJ/s77g+TPQvNSFKxVxAw9mO8QKFrK9267+zos=","X9f+lggEXTwr3w7pLIP7KO1HfNEggnipHMHhI2rxxyY=","hoYQiUD4t0Eyoy3jufeNaogzpyt+2fZ3u2zJK4OrSAw=","f5qKaaNJG45QyvI9G8jDhCBWbKEfcBR2owpnUuW4H68=","nvF+nnWlNzX/xY6ivJB7JzNHG4y7FAb54EsAaB/GKvM=","GBWmauAcMi4FnDFN//OAjllI5LpqgObsHA0DxbOWulM=","iP8atom5qJq29gJRl+tov/j/Mo0OREtRqZkBE5ZcR1I=","cptAoIyfvP6XwoXxbX/XDQxkQfaShRgSuh5gN5MA7aQ=","d7qbvOLAjJgDIitlDy2YLRNRd6vdsTMSEkNrOjB9NJ8=","DjWcL8AMHkmK0O7yitvJmNBBVCKFe9OSPmZydXPyzPc=","i50/c1dfem4ivj3XK2rIxc8da4fyRYr7c0lotz9ox+A=","m3F6byncXMFgYBcbJcD0TH2GBvQQ7O/vmOfBaYB6v40=","23E4gXWsihfbOGDSY1Q66ZE26ETiSrILpPQf+4M8eRM=","wMZyMhZoTC824hrB8cs4Gim2am+VdB5W99eXGdaa/XM=","vzctduZ8u6+IXBAZpryh62wFD6VBSWB22YU+Y9fvKu0=","4zgpSWxJm5xoMUk3i4sX7/xM5mBl/AbaUyILVgJuBEg=","QHwqlHFO8dCzg11PtUqLhsddohUfilQgidKpMd5fsPc=","J3DoSO1iizRl2CZLq1OvQKkHTyZ6L5AIOYwSdFZXxa4=","hbwrPDfbH0MCzAHopfll0EGvm9ycMO/oQkfweUbV8ZU=","MaJeVP05RQK4WFL/UqulLzZsehDxuary0GXn1q73BUQ=","jtvz4LaGBIbR2QPcoiPXOc+iHPmX04ZJUOCxlDXJwyc=","v50KE3EdbCaJJx/G/zv/qet7F960eDgGroqzR5Y+ziU=","fE8wmAbNA+etUD0Ut9UpZmX18YBcw8q+YxtNW62YyrI=","hcpaqQFINjNe0PoiT4u47Q4W1dSWMH5JzPq7C6ULTss=","HPzE044qVCD+vzUAIFPglKxYo/U0KWlplMTNbNez8AY=","mn/vGQmMCBaH61eyvB03aacpqIKQrYg/s8Bz8nTLDms=","EVFLWigedhYRycX7hQ2+tx50ue4t4bC+UFymd4tEzSE=","fyJw97LuF/nnJlMaFmuPvrVCGwOkwmqXBmudWOfdXNw=","sxum9/Nt+/xQdK6eH5LgL5VogfAf6sI65RHySyyz5ZI=","SFocxVY/nZAuW4hMjj4Y4gN1T0Nw0Gk5BWWnrdJa0tE=","wLiyxc9vn5mUb9DpdnjqSTEmwGpYWkXVIQ2URyf5HRY=","PerVI/yGWq8+FQyBT7F+52EAmR+lvxMt+94zTP5c5xI=","HYByNlr8hBZbPQgRtrwoRS+ICdtepzjarETE5NfnfkY=","GZzdQNPl/5K3NlyP0I82E5ZteWxPnL5+kxsEZLlc4FA=","LYorWsFpe7HNi39YV8LD0UAH+IdmrQTO4n2kYYfBX4s=","27E+Xc+dJYYyM09BLpfvXMAz+DrmApThR8VpaDsg13E=","qD24I3MRN3aplySr/8P8tSpbjsvOjalcpTliQQAz71M=","SVE7QrxtBt6oT9WiWP0lgZSzwSD0d49C3juT79paQXs=","rtYYXVsomxjLpjorbGH0gB0PJAIU0bkhbah4ggRKFTk=","2T4DX6Au/6p2MuW6qzlQeeWW/l8Qn/omzCQDOtc+gFk=","JSzuLayL0KVvsIUhHFo1qhXeJnYI/J05ZFs006sVTKU=","Fj8q9Qx6WP/8RHyA1wf7X59TGON9EL/AnIjafVpyMO8=","uhd0qXiAL5ZIDirS1KwGgRaM4f7/y4KrX2uxfLXHF+Q=","K1WjwZL30FAOP7aEyyBsBXGZvaBMgdabwt/7J9tmguk=","Us7JGarQkGTLVf53nZLkx2VaU1oNzJjL8kW8TzBs314=","8IXeR8nH+RJ2OK9h9puacwrK4VjaGc8Y37Q79Tw+LLM=","igkrOhb6ENQB6SRDtqsUbocYhmXhlfqxnm7zNSWZvH4=","HHBNPzxMstgx/JurM2aETSITOicC2hzWLjeRlbRHHcw=","Gt9oAgWGklwe7UtBjIxrJiWw5QWCXUCCkjyIRwupW24=","DgcWgM7OfDDHlAsdOgSXIoIzBcshPROnqV2W5iVNHMM=","xMAjP4Ajo9dQ+3f4PGn2h+jcMQH32EToILKrcmQz4i4=","3wyRn774Qj9dZPi4z8YPVinUg98w54xI+DdYjw9GO5g=","GvzChlfnNs6E9GmEctsOLxnj3H9Bh7VtiHqQq5TCY+I=","i5b9hCGBcvSmYwcfl4LCkNfZoKy1DsRHY3bza08mzGk=","GK2cu0MEqMvqUF0BZkOfAfhifwUTFcNAM4+BFkv6klo=","fbbq7V91cK+3tUHYaEf+b4AkwV+rOAQKYAudfDQlB7E=","NMc/vUTTCBLrXd+VjY4E4XrOQrhzsBoIUDpUzcaM/8k=","0lCl9Gz9bPpnuN0zl+aPaP7bHKC9yBa0X4Q4tE0gfpM=","HgBvwA1L6mOoUQCTMqaDrTy1ZhLCLnDkarF8O3oh+YQ=","NAXM9f8REbkGFY2JsLEZrDVxlxda5otUeWqBf2xASDw=","lH8yONB2HFOT+YOtgkWGOa0M4ryErLFXE8AejkTXzRE=","7qfk0gQfLht8KLb92AoGDj5rClsBIXxsHTsmz9nRbKU=","fAtTbL5S6wds/QB5PFt6L25NdbU3ld2fKi+9twU8IgU=","8etvfE+XbRywDsYjyyRndTciepES73L01fZ70loot4I=","o0oQ9rZBYx3YF6Ia4hzT0M4yZWiGxm3J6e5NxSzN0dA=","YJwPcW6nnjtAPYC8jI2mj+aJp2ZyZwhvNCc4Z7pS2Lo=","yLFe1POjZclyNsayDzOZYdo4akvrlKotilcFCx9oqQ0=","K5RXksMyMwxi+ud0ZjVrT80Lc08dl69N2+ITmY+IADE=","LctzMfpIA2//l8Q1bWWpD0m+dFPR38LbWqRn61PWONE=","tkho+d0AXL/UfCZpucOLW+Vh0tNaOskPEBl6c92wc2g=","ia5RaPUPGcN/DwS5hvCFoTY9E2qYM82KHoWYRFdEMDI=","vCoahxwGXT9y7ol9/XfUC2YEMHISjib1DPCAPNQUt0Y=","WRD+8qXhdf3Q+TC/WQLR0iPvJ6zM3iGjRyZHxuD/CRg=","yvAui0wK36vLJYJ70aeznzZ1wyfhlFUz9vwWiA3VnMk=","eDDeZ4dFoCXu96pVVY5q/82Y8lSb+SIcivUa/bE0OwI=","hAUY2pwmRNLNrJMrYWGuFDNzmsGX2dIj+dnvmMPQX6g=","JqlGm1zNf04jxACwtJ8sjlpVaZD03pq9KeeckaHFaBg=","571XMGnnN4/SfotM5POFo6RouR/LBRXgX591o/Jcx34=","sE26QHHfEpMdne7b0bbI7cm0ZykOvEM7BnZeldePe84=","q1EuKJ3qGIq/arb5C/lsRCSUIvuDY2gQv2Dcz3JrALk=","rJgfzDtCLYp98lq01bJhl2V+yW+9TFRdBd2whw4uy3w=","y+3HeaBV5vur/UCp5Hy2XPweSmBGSahmngneff+fayo=","MBHDVvMufWLGXX/Jd3xghJx9O21kRG1rB9E2eE3QI0U=","NuQldycfOb+wNRjcnYGpyUSpf5rLwWqxWBTPg8+L408=","UPVOYO/RCJbijd0hWLph6NfxY/yC/5rThs8on6dxAhQ=","hp8ATU+JfqCnesaFixzMVlZYkSXMvB+bugdlRsfPeSw=","ChmNHYjDKcUSjfKub63Z2gP//tCCJD7KUHeFFtjCz+s=","Ph5eeB4r+ShOMEdsYH8r9ouM74ioC8Jkg70rDXcK4QI=","lhlwKRh4h9BgAMbIz9ptdTmWUPtvERPR1dqFoJIQuwA=","ZsEKbNVFIVQHOMGC6i7BTGldjq0iaPQJeY+VYpa6pRI=","gJIXhVo+CzM0Jl/OTyqLgmMpO+ME2HbZ6kTHa9vhV+k=","fXijRLyM2eeE/IghXshAyCzzIPZjAOxwK5SRhrUY+IE=","MuaR23wXJ6xljvpq5UWEUHMTxMH87oqrw45rwYJ3jKk=","xZIs7TaIkMSLbotKheB9xFYo9TN2JpS/ke1EaOmqUyY=","aCe96qJCldBkPyJgzR+xU4U54Vsv6wdX6ZYZD5TZERM=","LbYm5M6cJBzq7SJySmeP6MYv66GTsQOG6BU5nO9n45E=","phXp6DyWwR2cVfPWnWLj44AhA+pcUMG0IozwGxXYMWk=","J66NNj55GLayWNVmiYjtHzv49X7/YLbMvU3A7h/D5sI=","bDmuzqFQrWfVtn2kSEWlk2MH/sHpOLxmiM3oy4K11D8=","CnyOhsfAcG/+AbymXg9PyjTcw+MFVOGO8nFrCZYSnx8=","U9HpkCxz4ntQ91Db5Th4/kQDra3jNRZed3QmuLkO1qA=","9M1Y7UyhXlcpArqle9Io4dRLH02sgsCF4b0ginTJtS4=","Q2UeU3SjuCeotgaKPMnDjFpkDGglOoQa+tkc3ELglm4=","6yR0mugB0e7STaCceJdLxDqzbDDrd0G+MRufwOELid8=","JcwsisnRsttLat3Rd3BQ7k4EWUp6GMDiLzak766Q5qc=","71hoeoYm/DNSV1VQ8CMVT2tsT4lo5I0o3ZgcL078USs=","hfsLBaI1lOjUErwpATefW1o9h3GbO8nnRkCCNQCaV0M=","lYTM2PGuT2UAYRSBWkKhYfibnHs2FoKsCXpcoZMBZcs=","d4HaQ8JdnwZjXkRZ0JSr+e8Bh3JLEcKcFSdW2A5JjEQ=","8Jf44q1h+YGBDyj4N8yt74GwXEu3GIqIC0oaeBhvkd8=","3sUJMkoGvSaQXPRh2Qnldv4//lIpigN0zACTW9ifZ0c=","sX/HHRPPPU2H7PJZJpLPY1mYakPDD2b6l+9K+KNpu+0=","yCGiQ/sXXhS3IThDTNHi0EIXDTRxFOGFs0rWsLH7utU=","qCOd4rU1Lg1yd2WzkVstrq1BixFbMT50IVf8iSY1y9Q=","gbz7SXPo18BXmJW6kNHKkEWZpivVUOC2gebfnNX1ZKw=","IOUb1g9hx8V6b0rx+AMgQYmeXgJYxuTXEoOFDzZyE2A=","UYYxmACZweoIg5ydOz7F64zwTTFuvBiOZqOmGUrC2IQ=","ps2gAPNhvk0NpBFqI3YuyTSBuww8PhohvIih70/qrq0=","7HMu0CY7R8CeModCnchr+0ltLzAp8Icx8irCOrrZYSw=","OsJba+zKCHqL/LXHE0IF12m0/pCu1SfJ3G9Lp6+i3A0=","UtSNvx16TNHiN+pb5TvuxabgKRDEaBdpuujcpBDcn0s=","fdrXKN6hQzuuDQs2ycX8RnNqJjn2CdjS96/UZRohs+U=","4txLI59EVDTuXps+k5J2TFRpphtld39If8eKE7W9fMU=","TeZpRiwoBLR96RpTCaSA0+nBeZ/jNQkeBcfZVyBlJHU=","ixbJTnL2fzycywgtqeg9R2RF5RT/AZl0+VQ0S7pjxoc=","4l4D+YAjF1rkROY7MC5HWHpr4X6kstB85TRcpjXVJb4=","gn1BEEXapqrMMNaI/QeQghkiR53KdT23oeBOz770klo=","TmUhwDvXOCWVP9qzIqPDdgHxO+HLeL/XubGI5ZS2BMI=","eiZEfDcnLw999GEFHDDFUkKT/XdJ0yMpH6vhtTE2Rac=","0SdkeNp5v//IaN17DJFSNGeNi128PQRhxetUufyNNms=","XJ2D937GkonqrH2/EaypohYO6YGIOVmVFECaygEEwTY=","qjScAAMvkHJ1HboNOGu25ygVlyP2mxlnnEk04YzFOBg=","j+e+bvQrUvrEbq5klVLbuajFaxn8+jZoU6FPfd0WrCc=","FQsxu21qyLI8Gwu8qtBEINr2KeR/utc7gL+EIhoV0/I=","TlZmPjCK9T9tlAFNtzHmqxv4bQcUtdnCUh6FceF0sG4=","8Y3TG7PrVp8KywttCWiR0Gt56omAURRYT98M4JCG1yw=","bsmXeLdaszlOX2qThgNU50AZ475MjuBAu60ZgA4v4Yo=","76pmyB7LB8wVa0tiJyCcf62G0jw7849Je5rrWWqhtmA=","tJSFjfOKQmsNueMVtpCfkEIqujDL0pqFo/T7JQnlq1c=","q70DYLwwbL+7izg7JQqWNY3k1O/zG5hN2BRNQ8F72X8=","LWvjQRTN3fzn/YNMaqdcfFXgUPLZKpIFiu2DhDrsZtA=","MiCMJcohDMuTaqL9JF+V088WoBycxFCh8H74ldRAbn4=","TCI8FHLN/oKq4uxC0LpuxETdss+nt9kvoLMK8PcLtLQ=","0UzrDssxaN5hllJV3Rzdv4s9hxSXhoUsm4bppte+aVY=","cK0GwIpmx5KT0d3T2ZMoHfz2hrEIGBPswPqWQfmZ5eo=","JWH19Bf3Lpi+3lQQUm1fGRCbeKJ9FsOC1IpPkhCCNzU=","GGJJBr0onMb+uWsYr+BHimu2aFfF+qUcbpxL1oQEbTo=","DM97r+w0AKMKB+cFNUf/3QYyP7y0rY6vuA7GLwQwxaY=","wqcDmJL4pkTQ6UxRY7OUrEQwFHY1mnYknpUKYrZvsf8=","9M4iIBOp+E19lz052EUPuRiMv+4IeQiekzNFWiqDkQM=","qkwhLCxtc09b4VIAtzq61+gCDJ3ecVvOO4+yVcGzSIQ=","PF2Ti6CPHENsntScpmiuahg4M1u2etWTGYmtMnspDTE=","aDTSkPOoItXKtQj/AAb9njl0yS89ruWm9JTkDK7NS1I=","YwnroKuLRPryhrW4FT4PO0XMpvmWKZZCzlZxtOMyHHs=","IeR0/FOwyqCTpAH82T3APZA+cK+oPkIV9sXmm76DyV0=","qBxeXo7KdJi+QiiM14srVeKtr0hq25+5Y0yMVjYWlGA=","AJkp7cXsxwXLABfKWwrIyLkGBZ1D679U+M0rzsU9rLs=","vYfIVEks/TCDVZsKPs3Z8qzudjpDeeKtLc0SvtyjqTo=","hO0s51+vOYVYuXpTZ7sch+JgxO5W2Wo/RAew7hdr5NU=","6ZQdV1CitKU8mda0JVWdrWm1bIkhRuER0A/dX0VOgPY=","g96xzrUdyFPRg+nS4V1cCqwNALr3yCV0AvafgMbStNU=","u8JQStxDzFgrKSZh5w8YZ7ywL8MIJ2iFOc2h1eG+Icc=","z4Os5pY6lTJcZanht68WCdc3bjtti+7O2YeMzxmqIHY=","UqB3UKJ0RIEiNPCplPpsS8Uy7kKaGALKzMiDH84HS7g=","jcKk5O3fSaJJIhh26nW95IcbmQDfx9ft9vTylhL973Q=","iHaC/FWqDhQzLfSBYy8WfrTBlpTS+CZtYu4Z6TR2R6M=","4YlbS4cqnfIky5QHp7r5erHm0VyCu5X/L3YbnpOBowM=","zx4A4RELZkMphAjsbdAfdLz0dbtO7S2FQAOhSb+itNU=","IZxut4ErmiRNb43DvNG284qb2qceeK7jvMwvRmYnxAw=","H4DmVZvW0TwR3vgD+KpyrSJrG/6wM6olXiH+HQJ5b3E=","hKWWnAo0D6lDSvHCVUtg7W/SAWIxqbxWBNcQqHZM55w=","wjQEHuscIA/6CWFt5srua71kzCBKp9oGc5x0pKwh8/c=","z2fTNGLdlqKv0wp5Rt4lbQFqPqPmeIazxcP70tagSKA=","AqLOjc5QajgNOf7lqYoe+Ub0ci6ZMIkyQIw8p0MNaQ8=","Y5IskjQ55ULr7jGRqawaPsLd3DWQdAxnJiPc30T2Qx0=","kswGBlU8UXOwBJ3IyE89pgVCkGP5n+3iQ4MNLu1evds=","jAHlOCDqbO1rZJtklzR+IMaX/JK77vTSR6P6LTbY3Ec=","Qs6X4sOL7cx5NZpIiYNOD+G2d4tw9yfvmDJq2245uHM=","7sSWc2QltyqeTtsXMHf7+S84xK1aDoTC8kVYi3V+Qdc=","cN5L7jxfW/MVaZIQqo6/6pdSgdflYBrE9xqW/lKPG+w=","0EaXEnz/zzhEi2SenRuc0nIA3+/Sqnwwmzs4HPGaWkA=","rIo1GvmVAnsoEAC2lqVdjgcOcwELPHA9pXNcvVJ5Brs=","ukczxRtXl8TkWxEINnknGQGgkMity8S06dKNeBz6ANI=","4M74g8LdyZBV4S0f3w1DIidziwWQXv7W9K5H2fOO+Ak=","FxiUPViCXOyqsLg2Ad9cTQblcYlry3i4En58M02YN6M=","TeiFgTLOTKymV87Nzr4fOevjk9RCZVpkZwAVJI/1Jco=","jexSRWDupCb61K1/bvkJu28zEa6jmkwM4weAcg2F8Yo=","SX/vawWguyhOB42Vh2CFjBthELgLD7GSZHgxcKc6sRU=","Wcq0AcMqilXnWXFVS0U/Q6WRkfW0K1vyuwZl/WGrbSs=","CqeKA/qXshhFs7hz6Ofkj28NZHPmlM8aYzTaIFK3VDo=","LBxt2+CagzlMPODs89bNJzb4JXzapYU3zb2YXhQwbSs=","ADBeUcLX5LfSL6Okpvxo7Z7fyNNu7Ni8n4EYA694sb0=","48xks5Sx2pYiwgc8BtlI6UIsPEM8OJ6sSD8KAZSNrBQ=","V4JJ7ap2wgOLI87cttzpf/iyWFBKhoxK6PXm2AkCJ3Y=","tMrrxICagg+c++Xv0yTTVcdpFKsfSMb4GYxdvjpwfmM=","oYzdiGYdEUUUQhIu2IFb0bDRPtgb9EyzygCA53zDj8Q=","O8AubhAnw4r/YMNVneZjHfCW98eY4/Hw1p+Cu18fY18=","OV5LilRYWhJaDtfjw/vlzEe4hnDpaCDsOiku8X42bMs=","5KUL+XNO8lRf/AP4OoLOu1ej8+pwf3NdbWyiiqVl51c=","Nr+oH9TzFIRTOOtsxc/9itRBOWWLmowBrlEc9uw6NZ0=","MT4W72AC4XBNbGcGVMaRxNkYBO12aJRZcvzRnYfgFbY=","LxmiCwQtRlfeXnVucpqS6gDXgXU+AnlFy94GgVtnTeE=","OintOYBV6mwCgi8ImFNt7GtIH3ou9t8mSWX1mFk4YOw=","Mwv27ZGrKA7scoR1Xbt3mVg7jLKOtwkcTdcgkghSB4U=","lqXEF8CjFyUM+zq/occNy873rjgYQI2qQWq6Sluo/xs=","hp8ZJEYkfoAuu8d5c0isJzVvjHSq7useIWQk9C7UkcM=","1UpUx70UlIdovMORhu9qGe8vw0IWjP56lniv3JE1+Uw=","BkVhGgFR8DPrWBL4Vx49vFh85zc5mg29E/G/1/V7Z2o=","tCtm9+MSmk1H3YMgYlw37KPPSa6+Tr9J1Q+TmZGUmjc=","ctxVipU45ECdx4q+mhCWryU96VaAYmC9WOrqdngLILU=","9cNsUPi6K2lzGJibodDpEH8E9ZzhZ0BAjtkbGREGf2U=","O6NiVhMv/gIFEyJcpwKd2jc4uF9DIlZ+AqaflPYv/Uc=","ktoa1Rj/P0mI3+3Ym2DTBxgL9oWl8EvWTn7D+wY0q4Y=","cJtvyf3hhbo0gzyn4dCsVhfZdG1tm88iJOQ/yF4i7Og=","5whLIJogeJpcH0XnffANJy7/XwRG+tthOeoybxUTXgA=","19R6xjhaMFY+yie1KWi+/Y50y/+we6nyJnwZIvIbKno=","69a/NATQKJ3a+8ErTZOqeFfAnk1N8qLJ2fawP+beOE4=","L1ubxTJcoQvp6w8vjQutytVrpbYlYn8fjPQnnbB3mPQ=","yJX6NPmtamlL/c2knCae3ITc6PDw1+eEHa4IReYUvHU=","+c3HJad4Cn+g0IP2lYsTuQ1zDWOwzoOfx7Vbm6coL7g=","FLt/ce3H0h91qQmmG7ojwQzKEF/WKEihEAQNuglKVR8=","umDGfTQqpLbyZrQl0VDrGXgFQe6YVJ6QgpmqW0DxI0Y=","uPKpFkFAfJsIS8PjT/hHeIOUDtQZnq1yPa9B9x9Ncvo=","SO23wMbK8hFBngS87EXBnveLh8PeqN2zhR6COxuBdLM=","VItyjqcrhtVIJdaY118zNx42rypxoORI/qrIMhibYs4=","VVzKPCY0qx7PP31TPB3iAq8TTVap3TPdWbcFDdZ03jY=","LEOfbzG5DGFWE98P3A5G37s0A/AywlDIgKzisCI/wy0=","tZ/JAdn8LhLRkj+35SSgBCmwACLxChQYhNACT63CfMo=","IUZCOm+FfLlwVbu0+JVOk1dhs8LctRHlKdfzuYYsgqg=","d4hpQjvoOc6NtxfQv0wq07QdBECJxs6c/urGo4fIejE=","oLGfp4Kz7k0LDe+T4DlSq4Dy/RLD4HXEQbSrJHFJ9SI=","gf7T1HdNMTONAJ2gTkJ1xGC8DjseulalKK+Vi8Vdf1E=","ZiGv00Iv776R2O48fh1FT0YHM6NWw3WvnDGslUSx0LU=","syfdL5+ZfbNviULwKNFB1gub2hmfB+vV/ltlcBIsCSE=","Bbw0fC5JtgXXTgtRM4kibsAFFOvmWSzIRHJYjmUrcK0=","0Cz3QXeqtd/K56grIqPEk3/bH10Y6xSGJyIz8WlTZO4=","RKuHaTKhmFYbb4yYMOwM3cw+NlTH7grn4Jtae7ZNlMI=","T1Qp0YwjvjK6dMRtVCvicAoWMbq00ooDGJYQVcfVens=","KjomXRkqQGaJVDnhlDu14RY99Up1UK9tl4EraHkTt5w=","Oig+y8aYstkwQ78EBr1d5kELRfuFqmN9dKJCsb/kQGA=","2yzdI3SGoPWNmd1B8+qFfBMCxOfz4xGoiryloY5iQ2I=","EBgjEfiqBrJHkhFF9RldDfWAH4taojKKQEYDFrFI3DA=","lkgD/4Hp6XosH0wDpbdEiHjeQhF/igu4C4MBUILqt44=","rSb3eOjoUrLyYBipKiHDESYQX11cYPX+RCaJ/JBRLf8=","YmO/HIDlIwVkBsmfO5QzBgEhfCVMV5ZGuU8IoCPiPiI=","1fGH+vWJc0/4vrvqIJ4YtURvDYqSyC3ClD/PgneF9MY=","G5XTanyTmOY/EKnhzMFuEe0knlpy4uI5Z0u/S9Db98Y=","yhA9IvLozlTO5BKUdbwASFETq4nEZoG0frKntf4qlnI=","/NCcTnOdOPzwHAGgfdy5imSlKXfRwdojt6GjPqagFdc=","H7jUQJ4GR8tj7ZmucwxUfOLGcRvhBfPj9qTbbY+A5uE=","ZhK4loh9vUZe6FiWwN2004swyM9MK+YfvLGGxP4FkQA=","ut635Jhqzkw8B0gw8cZXVHLzQHnJAhBGhv3K39buw04=","VmxtKTPKDkG0yJB78WL/3xDgSoESAtttc2FqkL7PLJ4=","x7bSdRQ/1n09frpPZz+vXzelk7IrcG4v/3l97VI8Jh4=","RD0L52K8tKaLMEIl8xbp/2WwjIBQeyY/hYkKNCHp310=","aQ6YvtU8PcmxztfntJgNglRYti0gbk2Otm6qQO/nr2s=","H3pORBJLrBu6uZieeJVX7mBIgGBuxDBCM0ufAyJ+yh8=","JwKvHGN8Qjwl5W6eVMNPdu+9iRRmCLTs0K6BNHFJHuo=","TYQ509UISYi/ZEEFbeZyVUD2Nb1+s+taJ6ix3E6yiQk=","Kj70HFpP9//mC1HlJyEZTRbb3SU9PRyANu2u/jumxS0=","+6VIRInzTzQFI35FnxwajrF3UPSoEpvolNR3E1hUSWo=","LWEHTUx2WR3btmY91SehiN4AEly9N+FcZDFvC2hcUME=","R+vAvaxr2OwHLHuRDgVy3Bv2Izzne7I+iQ9G6Zevg/I=","1upc/SoWw9xfhr+B2AnTeBvtMi+vk/R5g+MVFw2A3+Y=","G37haXXDkaP3Jy6YkHHvRylcJV54LG2ww7e5boBV83Y=","R0h73wgBWzXgn98bafrvQjRO8qN4tlzElOjx0qafJ+g=","r7WfouzDf3ki055fS9jXxHqSLNWEaBOEVt0jYpKtw9A=","v3ULazFLWhbhUYPMLgSJNhwVBD/p3ucX+u02IF/MwJo=","Euj+9OVPkgWymaLQktyHk9UqdFIQ6JVFezt4/G9Gltw=","Fcb8M9ZFt8Xn1DhRXEwyIMzShe1yWjxXfjTJkhxPIQM=","/MrTdKqGbQ7f8WZGpdBTu8nTeuwT74fF9sKziS6iSMQ=","gHAFViRSwBOdn7z+Xb9P4KJOs+0IHtwO8+2KVMRiz30=","VPWc+8AhLDNMXGUhfmlDqLKhIK/FfrgzAITuddIL7OQ=","bG6Xy8I+AIL766oEfI1Nl+Ov4t6zwxeiHNAyj04pqHg=","r+r0ogjUAn073ordtWZXcvqxY+WAhZy7fn4A5wTSB20=","tDTn46wdETzcL32BP+zvK3pdw3UipuakRiaxCyXxg/A=","HG7UjdRlTBTrNEFaxly+XoQ8bATPSzouL1IUcQdfU9Y=","fnFrMx0ucBuVIo4o9wOKfZHOX7k0IdBqb3FsGF/WQIo=","O4dq6OUQvohK0csYasgN4AH0CnhVrYBQ6OHpVA/Tzwc=","jpCnse+VYp0Vh/ASnjsBHdfQYlp8+wjU3f4bPpIZcbU=","q7vS47YMAhNX9dfGvnflwPAzM6qwJP/oq1Vo7nOd4PI=","UpWiibl7dC0YDERc/jEdg8HYbPRjMyj7sQeEsGafAlA=","Z5sOjG/IPXecj+Iqx6x5KBHHa31cNysbsNHIDdXlVXo=","6XRynRCbBLerS+92qNsZbHsvnP6WrQTsqqXKOEAWwZ0=","EaBkEK9FYn8/U86TaQs4wfOAcNC2gkAepdYfXS7UTqg=","7VF0sXDePEk3KOCPlWVCM38wC6bcqH30SApRbhYQpPA=","WxKvcwfMD9GblB4lVEgeFTYxhgLYrcqd7NTdzQTdT8A=","xSppAU2XXsX0joYDDd2ukc0NcmX97oYcWPefrD0riSc=","T43E+fJ9w3fhGdWWpwpbUOrO7Mly759XMj7cCj/dlTc=","/mQLvxQybZxYMgwK5e2oEJ4BeOsyelQFuLdxEVFKbMU=","rK4ywRo0X9dJPE5h2zlrYXCz+uLW4YuqSFSnB+rb4BI=","162EnfcQZ1euT4V6SK5UU5H07DPOooFP4FjtOU2rj0s=","vEqqc4JLiH3TjyD4lqFCaOxGdDCNNh1iqOr9l8/L1K0=","iECBBc9AoCNBG24ftEvnPMmD9zpzQKZ/HrBx1gPpl/w=","VLKRgkuY2ufl3Nhugjj0sxpY6LVzoSwQcUZtFqrD1O0=","yXvYa1eA7vuFUruN8nV9NsjM8knLrro9FSr1/DBEoBI=","rgGeQoJWhbU5IA5tXOhXVxeO8ZzM9+WPukDhhwGT7XA=","LI6HooT8vCnmBoEAN/83QfQv3WKobwk6Rg3adUY0ocU=","Znh+8Yv7HrLSYDHJbRGJA+aUiv7wMdcqTu4siHR6xSs=","slOgIzwUTQIp1d61CEduOJ8Mvd9S6quhCiKngWSj33k=","XpHWkx29MoXEWN3k/5dNfSiUYUrlZ6kqcn0qL3wlbmk=","oEiJ9qLbDPvgR1hbRvfcukWmZtZI30VaRdO421vM4Ks=","1DIikmx9cO6DuDEfD6QaPat6o1BrEITe7um4pj3zZfA=","IqtN4JaIcxgtzACx8H5Ci9TSD+hNpV5F9PADqxGbh5c=","dgdz4r33Qzl1DbjxQ6vwNw0pfFoLmdwxDBDBTJI6Y9g=","0l+n6nDA5EVFMVb7sfhq42tIeJyY0cgFst/IjvBKfw0=","ioQCfVfuWEH7oyXEphX9sCtOLyeJpCRnJat5HwZXK68=","3TjCuRskGAdr1LAaPd94XkjsIOtFx1w53gIn7j+liC8=","AnvTVdFntbN5XzCh4bZEykRMwHOAInZRQl5wi5vLeK0=","WzxQ4O3JNu/3UyiNwuoBXnzXN+8X5VkE6oCGE+5M/0E=","rs7ioSrBjuIqa1bWoGKXoUf23aRf3QNuO+u4pp3DFuY=","z5xwEfeiI2mLcVjqiSMzrdzfh04C0J9U/shrq/2L61A=","qs7DcuIezCz4K0RIbHaSkssH99M2hIFeHrqg+qSoibs=","BDioOFZmH9JqNlPALnYHpkQ9RTJ3w65zzgfm4T18pBc=","CVP7Il4ptcKI8tl4EKphLOV1Ba/qTmOL+6aN6tUMJFY=","86s1n2upIsNXoJZLm7Izatk6ZUxbLoAQenZ2XoelMMY=","kW5yc8fy4vX5iLrlQsgNxkpXTFe+5bcGiYUnHuMEn4A=","t153gC2TL3dgVqY4fBrJYKq72WPeE7513zXIOlEBGdU=","85fgWC4CfTa5bOwt8ggtaeNxY6ST3mlSL0amnBhCycQ=","9nYHFZw7FVGUwGvrgcj6nEBPr+lBwoVcm9XzaYslimM=","OHyQncLYev5vQoyJ/QyK+Ku4TyEGXOPHdpiuJ+Vh2uw=","8VfsoW65pVUDrcRJnAsoqNBsTeARMfVM+U2SUvE8JRw=","QBAvV0ogB6xOK2yNnDmdTewVCPIXt8ruGJwvE74vxsI=","p2al4AjweoPRCayJfT4jCrQoADTSXp5k/6/I85GrHVY=","DM79V4p+AYtZRq33r0HTVT3tvZ063Mzpy6ZT8be2Jvs=","wcjYX2kNuwbpp7RPLbJqnApr8mEajOfOSWA72vXeX1c=","x1SHby1r7qn1Y5wJTM0BtuPeXeBQlI9CbKxZ4Lws48g=","vj3Srm26tdadtdjeBwZh0suVlM93O8OQM31UyEII2PY=","B4oOrie6PDjeeITW99Etm52YkZfJlPfuScyRmHa10GE=","n2PU+bPuBNTDmn6CP7LsPdWnQVF1MltWQTJzZqS6U9I=","GNj0+u59S9H9eL/SA2CVNQU4VoXcewj0n12Cq9Cfaj8=","KWMezkDBHlG+Sd3+lLs0G8GkPCZjTqEenISprv3+zlo=","VFbKFWvqJhwkmocasniyEuSRQbw1BPmAkmrzwB9ofBw=","4RKn4u1RHkqEVeHQN0/GTRUTUEPwjoKvcOccGs7HNeA=","8N4MS8F7FIsKfzG31GjlccdW/xenrbMkO++cAzAzQJI=","xqE+B/VNk6iLvHm0f+3KoCe8MpcUiXJRgIlceHCnwqw=","EUo1LwXnl6owKSiuO17iRPs7DZMyq4Lp6PulYZR6ifY=","XBcs/9x07BqlaJzrK10p60VXGAVDk9778I/VIp3Ffvg=","hmV44O7TTeIb46RltBVphZtSzIOSSbeLS7BcgZQYtKw=","qIqlBfeCi7pDrfuw2jizZogRf9HmImrLLpwFwd1gA8I=","BNN3MLHZn/1aWqv4oqIY4Piz62GuQHiorPFhmHTLMbU=","/e7C+y9kDwKeIZooM+2ZOntYGC7Wu/Wh1PCeLwEkjec=","UeaGwJMKJLUBrb4OX4JdF2oNvKBlKK0tU8kl32TpKjI=","i7IQivdXxDdT4OLNNqxwvQ9J5sLhwQKOZF4D7o2iUiE=","+k5kkVdSexKfFfIo9XOdYU10oplUEt2W7fNfnF/cQwM=","C2yFA276uoCLMMJUx/W4YdMYr20xebTtYkgMApo6OM4=","hiJ4whkQZ7tdoR7hc+ClE8UOreOO0KwJDcSaSbbHjj4=","lT5cTEd/Iu6qx+rv3ETx2FDQVPrZPBrFTrVGVH5MzXA=","0VLOWJvBxbn4h8sC64FemqMMz/uha5YH6H5m/a49U44=","GOtVsbrJk9dn9O2+rAErdSHXroTin45UrbyxTrRM5FU=","fsEPO8F6YY7JuFXaRQRQBVdafUE4Y4uuROoVYhC+Npk=","s0NnAhuvwGT5zsMgWfVes/LGxFiyu7onkPn4MueQ4tU=","dK52/JzXlIHZOyYLT6oR5XOJQZsCXFORCEsA+8m9Sgo=","am2xCOe2uhyrzDf/b65y885q8PkFlw4RZrbBhQyOCCI=","tiML+rpfSrhHQ5V2pXVpAw8cT1s/jHMnTkY7YLzGcpY=","JOUZkC/2UjxZqt4T8oz92Z3/Q7bH7OLD6Z2wuGrW+rk=","0jW6n1hh0c/9YpUianFcvWS2ikn0KMQzC2Hjhl9IQMs=","2Npd/kk7GdS0XZKgBsdlJWs09C1PqFmVzcZ3OgNwAg0=","g9RVIHXFBV9uaRl1+8hCkZsho3/pZJ4j6wUdCQe6wXo=","eDksir8XDy3lHS5Bze3IhHfNB/pU5YQd3jtM7n5ZbF0=","fjvm2MEgsaK9QhkKlzKuoQLMpHtanLKgVYNbAxX5qEU=","N1hf9sM+Wi/cKl4CPNQiWYD00vQ1tXtrA17k4jPDdcw=","yjUsHprITtWYkhXwofoBklE7IRhvZxve3ovmIZAeJEg=","bEWHWFKtx+iAmI7R718Ry9auKvxHXPgaJi48eA2WZ40=","/idUpRAxCp6MCQr6TQXyNCykxegWk/8YMA1McIiTJyM=","X/1b76xa+Tyn/S+HbBAsjODPyR4sDspzs5PpBQn7v+A=","a6Ur8ltADhDq9we1yMqRDj1vf4cvg/1vvgyv9swocwI=","W5OxOnX9gwaPV5mlea65IoA8qu7uE7i2qI1qVh8f0ks=","RO8Ar18bkaJw4UNT/wxX6aPxqEsoOb/tZKRIcV3fM+U=","B3kU2dD7RygQ9qrQ2tgg/4MO2GfI/CBehRmTBo7/qGk=","21lGlmuAkTHg6hBCNk+nHhd8+nEKWdc2w6qg1rw+E5U=","ZX7Ojq3/nFdQu7rzV9hcKGxQ4oKaVoVjlYEkaMocA78=","Iz94Pee5rCxSVUOspTT2KCv+fFi1M/ggBB2WW4t4GxQ=","Fta6NMEIAGPJJ/7pEzTdpnHESqR7a4Q9G+X6l/zClFc=","oS1FoJzA/FGyOIovxgR4yF7+nmrUv3kJribWdngDvfs=","fBT4PZuVY03dYmIWkIlBcnb/SNKkLR+1rDdtpYgPoD4=","o3+ePyu0ENny6WfLoYUlgJEKEhUeh6rzZIBBBSJ6Z9E=","otJ2BwAJUBiSMjAI4tVgVloC8ymV3ryO+/Fh+nBAVlA=","/bmDxKColQ+rCMXrA/D5kgBi6Vb7yfLhQeRb1j/i7Y0=","ZF+lPRV4aJJBUbepREwcXMgOJTKsUipyQG7abgkcYZE=","ZHutK3XWO/LaNQJ8dvp0YasppXvpCCcxirmjuPO7Ax8=","7+G8RhvIhdlyljJO6pMKKKcrIC1sC/VLR7L9B0FiCj4=","BWVgfEIQqserKFWepXlityXuL4fKVyWoYQw59tr0ZQs=","lEP5ohhvhg69T7pu4miCU+Q66ZsbKhjNZyCZdTrX5x8=","WhKgrajbEjMcm2rNzGlkZJNY5M+K5t2W7O38JZUzY2o=","uOKutxicsghNFUz+mOqwd17HM3H3Y4R0ZXvyHZsDnxU=","X/mg+A8wgVxSHQDqVhm9AYc1nmt5BzUubXZAnxOEMuY=","g+iO9ZCaoNYWMk76zcmEtdBvxt78x3WFodnSqzI2k0c=","U8dUM9RnDPDFa46H9NAnujt1Vg9zfNPi8/Q2sVgBMgI=","iQbdDSEcwP0omRv9hVrFOvweGjkW6rrMi8w43WG9MMY=","+pKbljPa0vKDw61e64MFwMvfo4MpFTZ6vG9idW1R0JI=","hsswbEyu3PgV4YDEbr4hw4X66FojP8BGItXTHwTP588=","dQ1My58ZPzK7TXjtPkJdz/lciAAK94VCyBOUWTvRqUk=","DJvMm/8jkBX86fA6V0CTTxTt618mX6YD0D/Jl3Chb2Y=","Mo8Jl425mzfjAFsd1lvY0fxvv+APBk+AhQNh3Khah3g=","MsfkxCJbkF+ldAHyPs+/XTY+bteZTKYygqKnY2DSIUw=","BgnoZ5Rt0J6W91zGGHhr8R6NSrglyqZ19hhefZrEtHo=","+LkAHeiRpXHVa3aD+Ni3rOVSKFkSb3AJbAvaMmmei+8=","0D5qIdKBIrQ6Leuc5x3Tuz4K79oIculIrNReS1FXPck=","8kAiap1t2WZ6DPDJ5au0+UrAadGcZAcRiivEIp6tPos=","xV/h9mRz+/ugyCBx3iM3aBjQ+HR8eDGIPchbuIE83HE=","b9FQHXIt7rSRgxJ21tv61HNF7DKPJZjYgrSgMfpM2Pk=","c76cOJmHzqb8ItsmopPvi2xmGHDrICVxybNSczNf3cQ=","fvnoyMtvD4iLXIyJa9wkKDSRy/uPlCWjIsGfsa7nv/w=","QDopQZt0cY+czaZBJa/y13x04Wp/mMMck07C5VAdOaA=","x2ChQAkHVk/hU83up/tBcFKYNjH7cdaMiZX8o7Gwq8Q=","EC1qRRurO7PeLxcjjMExBXnyKyNCaaNLdb7IUTtCg5s=","gWM0zy1n8+n0cBCqrtdWIM/fWXR2V52K6PJBrLcmrkM=","ZBKotA8fc8TgrUWEz3pbt9qVo+POriKJwGoXRyMyrGE=","EmK0rXEIB2MxpHPkUMG3mi20R5NLKFr+RM6INFRfU80=","JKh2baPnq5rYdTDeYtxjwaRimblfjSvRP/k4oHc/1XM=","ZVVPjUs5iWi0K2GcHArodCplibxgXNnwmAhpjTT9Zao=","tBOzl/rAgDbZo77lU+Bxa9Jtx8kd049uku18JJEf9GE=","49BNhRXTCummTQbcgwLOM2nbTOrEnc7jxMxN4ZIaYmQ=","l+EujPyaEjr+MXNH7mgdtBHKct+pGHUQR1Brf/NwAxc=","9aQp5MrMKMdMLXCgCsspJmLk3BbYroTi2F1su3NC8+Q=","LRzaq+zQ2714HDNNjlg7yX1PNNaWuxRhlqIREiImoPo=","YxP+2IZygb5K/dt5qr8OZmUsnqF9iL3rffhn5RvovO8=","3bhavR6IZbTtLi/fa80cBn8G5H3VyRyyU/hM/jaNjfg=","dyM/BzAr8crIIyGAG/S2AccrJkDCXsNqfp8EYUmkoZE=","nWZEI5uVNEaIKixK+SaVitP1oQs874V2/qBi6kDuyS0=","WOiFK92sJQeXOFjg+/e+0cg0uRXBDXcWQCwTNcfs4Y4=","YJ9jtaqPdMTJcJasSA+ZroPz+rAS+VVbGmvgFy7EdjE=","79B9E+SPGWkYeUqaB2LMzKu4asILVQAUsaQCEekXJcM=","XBQ7FTP83HMkDHX5kyIP7bGC+oNDM+Er/8Ptx40EK4o=","lXixC0jT9B/EIQD0f9ztw1ZvB3sskvagcMgBXi+FYUc=","3pJR5tfhvqWyzFK/ZFsFH6TKHYg2Vz2xHIROMJiuHKk=","r97LzI43cnitsuhL/sB59X1XeIjahxxmwZWDWCYmpG4=","myJyFSMm5KtzidKivwwwhGt5bu+NO9Lxpq0M0bltRHw=","mYoBjCgTpITBVIZ2x4g+BoCFAxrxX/S6WJVVh5VQ348=","lXXAfYnpfGVHJVcjTgAhJ/rKycrMfhLHv9fUHKdfdWQ=","WH8uyEEVwmcNEjweW1o6tzLQiR1mqwo0g8751zqXLrU=","tG/mN9X8jhtpc4s91U6hH5XFgPPQG1MIr4z5QIzdNMo=","XypbolycTA4KvYkGjTnuXtGerWQTdaBDj84+wDSNiMU=","TIAjDCHDwM9wV3hPsTec+yq1Y99Fp641l6y0FViMU+U=","KcrNxd7W+l0os392P7EKtx3nNvyPYgHTjCGDEFcP1Q8=","/g7fF5OMvIWakV/dlNXXBcWBCzOWGdNF65ubzfASs3A=","RoW8IeSRW3hcfAxta4aHpYsnFN5hrzzELjJfBixkxek=","SnY1Egto2fCyfDXcKkcYxsd/w4VVittnPmNQwuXMhsk=","qP34jgP+GovhZ/F05fU7GeFue+0fiN/VhYI/5OF2oOM=","zvIg4vePiS//DpP7lXz8xngymgHCYmPjq1i2TDMEiJI=","ufsML5FbBJG+UFgw8DngMfLmwl7ZBmXOIOvowiCYOok=","kYzmyXeKciYYxUICuqRK+RhYA9dLyPUNxlZRv74tZDY=","Vyzjt+xhg0cUgAzJabh9zxOypLsniw+qD14Dfvf/oeA=","kMz8WaEHwcilVhq1+Mki9nery8t4dbHTm6uvNf7ehTc=","4F4wD+BQKqdTX0EkVydUpNNLysWiBaYclTa0tNGKwa8=","t/7hJb24hwjyAz9iLxCaLXyGkYJipxoI7X7bUkupvjs=","7kkjLdYn4+1MyH9b4smxMl33KccDQmvs49wgwWVCpow=","Om1boEZz9AUK6aGfTzZj2K97MRSfo6gf1j/19ts5Jqk=","7YTEb1b24lZczHbROZLwu7LIs1mzoAV9qLGX5J13SLc=","o0w7wPZaq/LK9X27XHaXUzoaOZlSpVmiPDiDNMTqcRI=","iMmDi1BPStOrPReTDPOHZm9C/kpOQKYFfkCxAwe0DCY=","/dydsDrZA8bdFyovxId8m6lK4bEFCCDmulnttK447bY=","ri+UFyveW+GGiDl+nDiIMac5FftO34kome7Jc2rYO+Y=","574GDT/nm17o6Uu8yERBzWxE+ngzHf60HjEnMX7NoCA=","Q/N5H2qkEdKs4eMxXRdj3fQxF1s/iU9h3gsAYbjll6A=","uJEJodXJVLLlavAPH7j729z56tQNfO95hWcotdOlqQw=","VrGHZjF3fmSX9FMMx5EN9mkrU009re6Vv4Mzrh7xe+Q=","CKI1kl16ie4YHMF4ehXtbyeOPjSJPTrW8nTlxlm9qFA=","8cyZhogjqvRBKxceI0NNf6svkriEN102gaj2MNKQ+MU=","SCA3MNhv2iGpeWoWLjwkFUcuo8iJ56cCQkbQLzgXUrA=","GVnop+tEagFwf16pNkZivg3Wt8A+gcIK7BdniYj9yDM=","eh81jOrMBW2n0J75OH7sZkfRTDZzYW1HOyPspUXxMZg=","2e7gCQ1d+Sa63f4/Ot/4JEBkaR+mC7ZZ+3oumls6jtw=","hVSdtgJ/ZbRupsJdEcuBWChiLVAThTDmdrhhulahxzo=","fosC6oZVo7V1JxtW/Ysd++dwSloDfIADaykGchE0auU=","4sBYNnJMfuKc40PMTCUjWmUldiDKSLQY5YJVuEW59Wc=","rsZ+zaYcUBtXTN9+t0eeBxxYgcczFDdH8J8mh61pe+c=","wJj6DEURmVF/0TAT2Gd3mX0WH/6zlEu/GUnDN37z0Qk=","78lWfS3Md9GNlreIxq0Z44C4lnhN8oe1EcmyuIbbTpA=","D2mqzMNnU3NXb5IOKsGXswV59XZdjJhlyeZglbyQflg=","tWt5YUhrUphg69VZLCOGeYZ12NFJJPtFtU835gWv37M=","q2SFPLfYYLEEcLepgz6mT3sOJ0M02vCa1s/46137pWw=","mey4PVuaA/TTToBZc/IyH0dvrj3SOrtydsarHmIx8jI=","r24vp82gqJCBDc4nBbXfyGPLtsOdBl6cHayyrs8vm58=","dD/GX0kaL5YGEHTVUJ6QM5aSK+3xIz74cVYhYHL++UI=","VkFgViak+EHjMikS8I/DqEJC7rhvfEhIXmjRHG/V+rA=","xaM/zRRaZOZDftMQWHM8tlUjDQnBfLld/sKO9wh1yHk=","7uQ8Z+a3/O5o/BLoBL8ohD4RHXEmXn6pjEcMWwKX6ic=","M1n8nuehqM8w7ZeDusHwMpeMmqFQ9LRriPodMUeOWb8=","agNAt8JPo3Oe1Ndl55dpGTdP0ZR0syeBqTu5nG6VZhw=","RQvzlDC8F0kbWjfKst1uO2Rh4kFFUu5rYYlqEp39Ibc="],"block_size":4096,"path":"static/js/2.f0de4ccc.chunk.js.map"},{"block_hashes":["nv/mPQMjBoK8L6r1WKvT0Y/nxBdBH+EBfLxIsTm8Q2Y=","tdu2ZWIxop0zLG/HjfN95dnGU75TYTFvyabt4EiE/5E=","9lwfy2+1MJ0TN4temA/KixtzvG2akitweDvJS8OO60Y=","mWhfIoz89X6KH5C/vEOhqkMVWiJCXs0ewN/X3ACCQ/k=","rCVl0nojmh4bznHIzUfPmXbqYKhE++B7v7dZZwqolkM=","Y0/me7aXJV8d/Tbf8cJz7zDl42txM6+yA94qOjsO4sg=","Q3Syy/h+DEf6I0q6x87p+ebc0ACZkMaGJ4iV6CG1MsI=","VUq0khWtb7AchceczgkZJjEdMnbl2tatu5UWyIRGINA=","CLaZeSk4/xLv8tuxAGGPbE0N7ZyM7895lDGO+gMiq0Y=","qajdiFpKVEFuMEgXDA2Rz2jVmgz6xCLY5ah107ObHrk=","/i+qaxS6C6SojC0VY5rbsysTwcJjQrMMuQhyiilHosw=","sdcO2prExBq9Zgi/93Q/J454ah0Oy4tLcxsam2AD+kM=","Z0sfn35qa4P36Vxijo5y02COSSzt0idOw9ZyORm80TI=","KTZR0MWsSnl6EGMdeOYdwZsSnTNWutYC0GuhPJx1Xak=","D+FZ58Yc4wmBjtpeWNc2mbcgWUftow3Fyf2iB3A/Wfo=","BbROfe77D17kMyo2tuJpJjv1B7gbtp7SrylNS5Kb0J4=","JXNp12nAvBSdUJQpZ8Kl7qlvYZSYYW0XKhRSjChlXwE=","T9qvCHqbTFl8hC4OE1pr9fqG2GgGJ+hKyunsqo5IGQE=","K1wblPOf8SOuRmjwJ00nKX7f1P/QTDgsCzZsGSd6JnY=","WE+3nScuTYOADF2yRk7973dhSaGddCODwMieMOmc9FE="],"block_size":4096,"path":"static/js/main.d11636e3.chunk.js"},{"block_hashes":["bsglgdba6AGWIoymSdiSZLSp2P22zIc+ws0DuvwJQ9s=","wkgjKEpLzEV4OMBNtq0Qsah6Wt/69Ebr7+DrBE+Lwg0=","iEOymdeNdLNFOX0hDJlSmjch1NdtI+YLKhpYe6ru2bA=","0J8kuanrY+UKQitIWlNbMGdQ5MAYtdK0oS3apg9Uh5s=","i0OgSBKL58k25PiX5HZNSjX9xOEPoNlHApNMvRIqIb8=","aPTAGoNo+vUMwOMoQai8eFMsE/W86EyVclYbr1l1TF4=","vO6UzsElkFQPi4yB+LMNnGpVO6+sOsgZshQWmUPvgSU=","2u5v7ZSexElrH2mv1MeSvOB/XsUSQIBy/qC7sFjnZkw=","eKYbE39+F0aVf5KjcYDzwKnZKARLIixNx13xIKFPEhA=","Fjl+MQeBsxlMaQIcsDWfQ3o8T1LCejh7o4jYv2ezl0Y=","xya+IbIyyCwM9RtBbVKXqMboR5mD8gI++bHmo9jEvA4=","wypDav9oetKXPWeavoOHwFGtDyQWwE7tTt02uBm71n0=","LiH4pjFHOaf3lFqnkuEjgWtbyyDv+SQ0PLcvAzvlGW0=","z3NXUzoCT13GsFhHr4RQ2iCgnkoumSJgC7B60Od3qc8=","/W8oooi6LHXp+37QaT7gS7uc3fH7y9rdd8ErNANmkkw=","GeIdtxVY87Rr6ViDs2MhulN86UWD0vpLwcE/i2vlMFs=","vi/d1QjIrXDgWnOvn5pLuleZQjK+fhsgV+PASJFs9W0=","5+FJizWx27xO6LbBrWNDSIGgCES9PcFn+pWV0w8KAu0=","a2c07mlon1U99QgRXzfCI9DyclzKjW2eBhkt+eWio3w=","+afjvgGNNTkQIOmiY52xLXk8SopwzlmgiFraTUQPXn0=","HbIHvYxtew0vd/QsrxOB02IeASamzJ4x2Q1Lx0Oc9j0=","gUC12KBryXKL9aWQJXnKtme2kf0U5c1X2K49Mhk9myY=","KXdBXtQL3wCq4xYx8uLaL6tkrm96bnlx+fogPaXl2Wc=","1SRY7Z+rFRpIJWJLuv7Y/2rbPOeH8OEEVZ63bbv1UXw=","ogRE1rME4tekWCC/hki7a0u9LETUPj7Tczow+A8F1YU=","TIrlno5Q7E7SX8VZ39wZxZnwGj6eygWH+Byty54u2iM=","LXTMQ3dpR/J6Ko58MR6tfrNkhGjxnneWRZ4C1CpBpC8=","yqSq8q5crNKXicLbvUz2t8CYD/7h5cXTDxLDRfPBgGw=","B6OIAEd1QfDQVlla5VmYmA/6akRHUcKAdQ95AFrWqUg=","TdjwIW5EBTI70ODx/e2GAYmeC7p7FrTYG6SQj7Q8k6s=","4OKMovyPi8R2fPkzaxvEnC5n+dBWf22wpd/SaQmepfU=","oegUtYemaGonJPqkauefbnyw2k8j+aEtTCls7onSJzg=","3QwNAt9ZlCfgxIHOASd3l+eZfBk6I4u0XIg8Q6g9UrU=","hQB0j8RGGugRM12sVkyCmKTFQl+6+vqOX7fv28sXaKk=","ZO2XSNXh/8DGEGCe/PkCTBWuGv2xOBbu+SKLhwRnlKA=","8dn/abDYk0NjN0WCm3EfKxjwNyzZb4/mJs3XswJnz2Y=","lroTlOa2aE/WOXCiGKppCCt5abQaM6elJaTfIiYmAco=","+ZK1lG5ybx6XY27EfXJfKcynQp5MztJEGcaulUWjc50=","C3AeCpclNWMm9nG0DpktRqpKqdYGGI95zCFjTAV1DVE=","WrtcH2x1q0L+6zhMz7QqEkZ2nPhcwa8WG+4TTmg3pA8=","qxcwsvZh6RNpiIDBtxfkCsO/ZjXs//8B6GB1g7iRdTY=","SMYEu2RES/Wwi1mfU0mwzzCZd2bI1FcClkEl/k9nP6s=","znK18NY7GsijaEJP9+o5Wsu+Ga4RoL5FDjH/r1city0=","Cckeotqp+ch7yqVY5z0Weg2C/awCFS2D+YtzEAjcUfI=","3qfQNGWkSSWYOhfvB+SwYPOOMxJOvfo62ddAXR8hDLg=","2TLM31LWvIFaaI11RB1yU0/zQTomT4r6NHpIZHW7y50=","QF5VIaD9Ji6JE59+TGdY6R7Mr/KD7LO676dru3TtA1Q=","+p+4Nyc3b120//IFb8Dss65Sisj1hgb3X2brMf+kC6Q=","h/irezwlCEECVz8L9mE9lC3YXjb3jLkL1NBLn9DkWkw="],"block_size":4096,"path":"static/js/main.d11636e3.chunk.js.map"},{"block_hashes":["ZMBtVt1RihWVmbWK51nBEtRVeL2W4MWZjy2zbCColTE="],"block_size":4096,"path":"static/js/runtime-main.64e1d09e.js"},{"block_hashes":["WWqzQgHAjFx5rox167n7o/ndH+ewid6pxWlYjXLgjJ8=","0+MVsK2pTl22jhMJ8TVJ4u8pN8dqS3xm4szV8WZIf9Y=","BOr8K0EMk+MT4zWai4Mv+TIqikc66FSx+nVx1kUP/4s="],"block_size":4096,"path":"static/js/runtime-main.64e1d09e.js.map"},{"block_hashes":["36V6VYZ632moDk/1A2RQ8XNbZY+dpSZRaoZcyuCCVEM="],"block_size":4096,"path":"static/media/archiveIcon.d847de26.svg"},{"block_hashes":["EHvQam1k8IFHfQv+rGapi4xp1PX4UAExGRdOBuPQ4do="],"block_size":4096,"path":"static/media/arrowDecrease.41f19ae1.svg"},{"block_hashes":["JfVGLhaSay2avnzAa17AXKtyoFLbaoaXRjBM7QqsUp8="],"block_size":4096,"path":"static/media/arrowIncrease.21e3eb24.svg"},{"block_hashes":["+nUrfhMPJbvPnju9zhkkrMR0Fq/i2JArm6+vx51Utdw=","lZ/1A8wBSXR5vKs2FjfIpMJ4fB8Q/VQsfHM6JFwiWf0="],"block_size":4096,"path":"static/media/backgroundConfetti.74b4ad6c.svg"},{"block_hashes":["ybCbbUkUjWnKZ3l8nkKO2iJ1YHVwi0/dm5dRHFvPM34="],"block_size":4096,"path":"static/media/chartIcon.0d721c0b.svg"},{"block_hashes":["qdufMMvA9Q13VfK7Gt9HTi0/CZQBlqIsSQ3VUB7sHyY="],"block_size":4096,"path":"static/media/check.49176a7c.svg"},{"block_hashes":["XMqbjdeVshUWpWzpntv8Vxg75Yzvn/sIFRqM9o3d92k="],"block_size":4096,"path":"static/media/downDark.00984818.svg"},{"block_hashes":["xST239cyCALtomZdYr6F0J3+ds0CsWZtMV171iLxseI="],"block_size":4096,"path":"static/media/exit.c2df1251.svg"},{"block_hashes":["RP1NEfkGQdmfnJ7uDCAYQTikcS68lPTIORPJw0yJNgY="],"block_size":4096,"path":"static/media/exitSmall.f4f2ec59.svg"},{"block_hashes":["bUxyKZ6cwdglmXJ7Km0TbspREjEoX5hyQFMe20S+2E8="],"block_size":4096,"path":"static/media/facebookIcon.b4b6a792.svg"},{"block_hashes":["I5jf0TSJ/B/CqcPYSpP7Z+IFE4tfMQ9RkaIPC8lj6iI="],"block_size":4096,"path":"static/media/firstHabitIcon.0b34264b.svg"},{"block_hashes":["LVAztqj3FTHrJxnwhSY4TJJbV/4CBgr3jTpl+DGQTVk="],"block_size":4096,"path":"static/media/googleIcon.48d4a808.svg"},{"block_hashes":["1mTg4gu4i+1qyyMWzI7TgxDtDa7E7oQQcVcCmiQAG0g="],"block_size":4096,"path":"static/media/help-circle.f571bb90.svg"},{"block_hashes":["HLZbX85rimYA491oBI+AM5i1e9niWrbCHYVGpRvaDeQ="],"block_size":4096,"path":"static/media/inputError.2fccbef7.svg"},{"block_hashes":["g12piAiaAsYHFoqVV7oQ5jBa99xz/xkopwy3hXLxSAU="],"block_size":4096,"path":"static/media/left-arrow-inactive.5543a6df.svg"},{"block_hashes":["lTpe3aiXFdFw8bV7yoxBYSnaYztkCviDNeS8PHGIPK0="],"block_size":4096,"path":"static/media/left-arrow.8f035a99.svg"},{"block_hashes":["AJ3Kv/Ycp50kjRGJzAuCFn6IxMIeIO2oM2khSvLqRSU=","9sShX+dKbcYJdVsDKJT0R+SVPgPBQr9hhESkV7iAoms=","3PT5ORUWnLsVa5Mx2hayKcvIDeiUHk5AlqLr1KmuEi8=","ceWhrQUmadWGadvQDrPrIxiIBAQQ8qR3mK/MWPvaaK0=","5yCtPa1R3zpsidwS39tffUF2WQoe98R2H0urYUkG2WE=","NTBAI+C4P9yoi9+U7dMX5oZkt5vGKFR9UmrKpjsTock=","i2HP7pKlX75Hkbef52X/bUjIId10FHai9mDDkah5An4=","juBTfv0ZcKJrRZGCsi2tN/rXs8Ecr1yus4Hbl5jNYfE=","wESMM9ZPsm/WQwHVQQDPwsz7qVGI5ouwrpliA/O+POw=","96DwKOpuxtfDEmMhyENcurebz2xg4mZHXn9zwmqW4cI=","3X5LkkhTLbladgAObgH1hG7VktF1EF7Y60yuCVRH3mE=","Lk/ikcLIFiKNFoufo5YGUfxy1KbQIalCeS5vzw1Vm9o=","Mcf3bXzGv55mPmQTIo0yPPe49QbgLatyAr/aAyxE6eI=","u7l6/X5mUhwxuuW8dGfBWj9/AQz19/tQEI31ag63x0w=","gNLImI3fk9ukPCqIFdmxJvIM5UmU/xop4izRQRzzbuA=","ILuQtjd8DbHgzzyRQm5I/z/KklJDqYrSYS9zykmNf/c=","cSNocxhScsWpdDUmzVA9xUGAqkiyu2n2lD3kg4BLAgY=","VIKWiNw8YyMyd8BJ/F6rPMM/8xbnFHQV82zAhEhOORA=","2LI+QabJ/uHBx5XqTnpUIGY9sLiUG7IMMkXK7hNAgfw=","KygVlIKev2wH6v/N5RA1pf+DmIvmpW0BeTXZC8YiX7U=","ZNahwKpMu4n0b/QDdANHIFNJad80q3wXITGXTwuWxYg=","H7uv4dWUXZlIPFwTNQW6C65q/opQHHRjP4r3IAcKtZE=","Trj+kpamUIxdQio9VFdgNIrimSy5J2+K1qjsnlGSDuw=","fIlPNvJWiR8WF1BGzxQejdi+6lWKDqdZ0c56t9wO1iI=","dsOg91RuNXEdpqRiLaMTf/FmVqO2DI95kdPIhhWHj+Y=","aIg7VAPwW7kjDsYiNHYl0PYZMAlysicx8yI5Kxvy6pg=","U1NSf3uULmTJArfNcMnOS9P56fzr0t6ioWYFzNTPUow=","YRcTsBCTA7T5JgLHxRBmXJypY/my0bm5wi1JCQNw8Bs=","2kQA7vS98/h2ZTV6sJSWf6CTHTyM+Wy23VCeuR3Fabs=","eIavqxzf+H0gvnByyxAiI7Wf3PqoI6m7S+XoFhUg4dU=","Xb6fpzawkiu/Qz6zPJXOD5ncn1IVFbjNnYyCPHjWchw=","gq0umQdIoywHXyu5wuBgF8jUiIusSNwiGOyeh8cYSj8=","62Qk0LnfDlxQ2fWilxWt/EUX8cYsmM6349TRgwWn31I=","ZbqdDakSeIY0q7aisKnnP6CmItEYLna0fzxk48qYkwM=","A7chhydYGvWDwtYw5CxyfZc4eY0ZD2T0DFLtniOjGSQ=","UgH+w2nfVfOlNVGIene2RYCau2Ro1KXbPKAdOLyK26U=","DLQ4sy3edFCeCfRviylTjJnlyhWzp03LKgJVcucDv7Y=","/Y49uERfWHFewZ+S0Cch0JjCKcWtTTKHdJoIxmDKwWc=","DfzqPbX0uZD9RSLgGAu45hxUifocXxVRvNhC47H3fxY=","6r0b2Xow7cJC15n2tTAiQ9ynFuQ+o2Ehx0x4B/LCe7g=","/sxrZDbqGNxrcmOhzYcxK0UKrXz47+WGoutyZn6DebQ=","l4kDmLsQgtis8zvDF7gq4uVU1qBe5eZeKuqb+In1GCc=","GcXwOAD3XaPoyUNqPnkEeI351GU5udYltwrEs8PBNYo=","E6jrpKYjeedRv76vQR6IyB86HebU1jg2FMXUHy7tOgk=","bEcgIeiG4TWox4q3igEiM8rN0fKW/V++dYX0lHXF37Y=","iUISoA9CobF7rDT2W+rWET23YjTFhitsyQN5/nTBw2Q=","Ry8oRPzkKpquIVffIdTRrOpX+ot2+k4tSVFRPKo3pRc=","xiJ9sN5dxSNIoYFfN4LxPYJWXwWZs9a8txW/0Qc24gs=","V9m+sWh5+wFKTbjU7lpQLy4BCMx+OKnFmZn7FlpeFsY=","P+lwZrCNtemyb3SszRlOAlh3GsXBX7ImoP61bqe09e8=","QPSwbCK5vOPpuks+ipe8fPFFKi9tYX6ecTm/nNQ7QMg=","g1vdhSkO4lXVDlTxBukd08s9QuF/SAggpak6Nno0osM=","SWzfK857Ybk8JJrxQ2j3IzRaLDY2V16rK8E6c0E1HUg=","rEvDLT3DNzvK+H3NzN/Y1APzDNZ681S3QsNGBmUeZZ0=","1gjWoSYJcBIrIrK0JVZQlG8BGmFz8v6F3axUWwrPGus=","0Vc1UU4g21IZ0oayzUnOWMgx4Y3E7EuDx978CO1729E=","7uzPybMRuXMGzl9sbrsnlKoYaP4K3QI487ISbI8yaVs=","5Imd9PO/1P2+pwFqNGqNmxQcMecYxe8HQly3OfgirHo=","wNuiBG/4Og/UaTFZr7xSrGV6e4AV/Fp9fqwfE0OIjCc=","mULXxRIEOCJYkeJrh9AI96MbLMT5DHDeJhPqJbYwGFo=","PjVuiBykArTO9AzGyEfgucIbJBE+T53/NoV8qqyXRAM=","fV7GUnJLoam7QhET3i6J7Ny3Dx9WFoRmvxsy5UZsN3g=","BrMtKrrJoPgNSYrJxQFLpmOb3UCZSeUjdTFM77tcQvU=","HzA8990aBIJRoyXq7v+PB1PXtNaejdrT67xodpldJ1A=","GMKsjOfVWJDFgxkUbcb88JLpU4er9jRxlB/cEWE+RI4=","r2+AVgYrfApzuusihwCjMcgrT6fros1IGvn7rjSdFf4=","ZeZkSU38cAqL4RFeNkz2yDWujmowvFi3/MsTdqkGWKo=","+cZBb9S+/BHdtDPD0TlqXgj71pqy0JlxYYn1RklV6WE=","NJf2uXIfI+JKRPX/VnnHkgAu0JY+DTLFsnPZs/u1EWk=","222Wn0XaiZCKDfPSMTdN4lHDuvDPPm0ddnT5HW1zVlU=","4ViDJ/ppicpK9xywqqwuip9j9TRB91hKHIDgOB/kuKg=","quTxLEJfLht+k82iz/DS0zX0ODN2FO2RXFDmwD6ADEc=","D5CeczSNBg8SKnh+fJJv8rQNwbDGSS4MeezOjukYD3Y=","4tIvdQCnXjVY2UWRwfK7OIcVYJ3YdXYEaoKIpdNa7HU="],"block_size":4096,"path":"static/media/loading.a1690fa4.gif"},{"block_hashes":["FECI7HSu7oTmlBvZ9JLGy9lqt8sRRA/Eck3OcY0KQCo=","rtct9LLPj4x3CSBYYJ7MBfZ2lk/NWWIw5aVMU44ZqAc="],"block_size":4096,"path":"static/media/logo-white.3f78fbe6.svg"},{"block_hashes":["NBOJ5TJn79O3LRbJclMGGE77wOy9hiXDK+EcgnaZ7iA=","rlzvQWWGfRK0QJakw2ogP+1Kr0PomIBhmDhtk8reYoE="],"block_size":4096,"path":"static/media/logo.e343099a.svg"},{"block_hashes":["jcmIG9ig83WrgSsNdac1/gu5lSnRhbWV0B76Nv8lHT4="],"block_size":4096,"path":"static/media/not-to-do.b8df4ea7.svg"},{"block_hashes":["q7xT+N2Xz9KBdB56t0oWlscLt9+R3DNW2SicGfHHXM0="],"block_size":4096,"path":"static/media/numberInput.5b8bc2bc.svg"},{"block_hashes":["Opr7he/m+atoSHctckt/nXQrtqFY7/KgkbNwi5mHlRs=","QiGjsTY+H2UL9at1Fh14InU4h9vbGIbkPJNVetZ5tg8=","k/fQwiaxAKgZ+0aeBejQJSqMGLcl3LWil0DE1vdsmJo=","f1HY+ZmpQaYBcv7pyDr8FdO4aR9U2XFW1v+4aBZd4Ao=","4PKK1tmqIU9rFFI4c2y+KMD6kHWtqzjEcHaTZixPY8Q=","AFJH8r/d6/p2gJKTbwKJsDgSjFtO88BnuPfP5KrL6NI=","TjOmYiYON1JShK2ANNq6uPZqlEYvA/wnRZv1c3WQ3g8=","psSAR/sNqRpALVHF28NXSSpplcrBFUZM8J8dF28qh5s=","WVV6kSmbSbXtUzO9m+YSeRVhF4Ol2iWgAMOjTQqyyA0="],"block_size":4096,"path":"static/media/onboardingWelcome.099d5fc4.png"},{"block_hashes":["Bmrhov2W1cAgaWVeF2jKVeLe8GAUUpTZsNyX5dC5ONg="],"block_size":4096,"path":"static/media/plus.804a1da4.svg"},{"block_hashes":["QqjhckGRPlLUoFlhf9JxbB6G90w6CU15VfatlxmPuV0="],"block_size":4096,"path":"static/media/progressIcon.73186581.svg"},{"block_hashes":["j4TkwOmyaJTYnWasB9qggLXXGKHKqW+epa0mc1yl3rs=","iBlExPz9Y493guZmRRkt2FN07JX6iblXp0Kop34zNxo=","4GWMmX4F6ln5AubweZ0kSeUPZJo5Xmx6zdUBNDbMZnc=","fFuzw5NvMQ6BgDYk92YDmA966l9Ra3TuvRxK+1Xg+Dc=","5Pubukpp8Zgqfthsn0zxZMETVwhDeTF5Fe+elFbHjjA=","pMNjNWY3i7sZEuA7ZeOilbz66jINjQWPpwN6uQXByv4=","FZRUFBcce9IAvT+vhlm7jhoiHnCmnhqlHmldgw7oDkM="],"block_size":4096,"path":"static/media/relax.536a5ab0.png"},{"block_hashes":["0JffYPJxyWlMAS/9Jxm94wqMiLWzvhV6EACHHsOwPqs="],"block_size":4096,"path":"static/media/repeat.12057bbb.svg"},{"block_hashes":["goRHVMXlD3ryFy1yThyt8m7G4ikxS2i7zps7IOndCvk="],"block_size":4096,"path":"static/media/right-arrow-inactive.cd4f6135.svg"},{"block_hashes":["WV0hGJiWjLCOGTyX+1LACpupBnqt+Hpn0Ko7VZ+kt24="],"block_size":4096,"path":"static/media/right-arrow.d19c7c0f.svg"},{"block_hashes":["egu6nfVHPBlyfjWVLrc+qiLRCzifOCJSMHLhbgEFLzo="],"block_size":4096,"path":"static/media/setBedtimeIcon.1cb14647.svg"},{"block_hashes":["IFqPTVxtEBMbTXqMIf/+Y/GhO/iylhlgkKrDoAidC3I="],"block_size":4096,"path":"static/media/settings.61bbf1e4.svg"},{"block_hashes":["UJXC2j132fATo8CLiSHv4C22rnXYVNlPI7BIfByVE+s="],"block_size":4096,"path":"static/media/streakIcon.d0591b6d.svg"},{"block_hashes":["CvqosMjjBmM3KHSHrSOioHs7pvU/EimdZEz/KDAUQGI="],"block_size":4096,"path":"static/media/streakIconRed.16356059.svg"},{"block_hashes":["Ra+D5aAGxjsTfX2PfUuGiW5dO6x0UTmn2iaNYciLL2w="],"block_size":4096,"path":"static/media/trashIcon.b80ecd40.svg"},{"block_hashes":["4Rka12JMnUr6824FUJN2zSmJvSgybvwXKNyGH95Stug="],"block_size":4096,"path":"static/media/verticalDots-grey.3882eccc.svg"},{"block_hashes":["j9G8lowwsOrmBtewGibQ/hWTtBiss/yul3Z96BjcEqs="],"block_size":4096,"path":"static/media/verticalDots-white.97b378f5.svg"}],"version":2}